,,NUTRIENT,calories,calories,calories,protein,protein,protein,fat,fat,fat,carbohydrates,carbohydrates,carbohydrates,vitaminC,vitaminC,vitaminC,vitaminA,vitaminA,vitaminA,folate,folate,folate,calcium,calcium,calcium,iron,iron,iron,zinc,zinc,zinc,potassium,potassium,potassium,dietaryfiber,dietaryfiber,dietaryfiber,copper,copper,copper,sodium,sodium,sodium,phosphorus,phosphorus,phosphorus,thiamin,thiamin,thiamin,riboflavin,riboflavin,riboflavin,niacin,niacin,niacin,b6,b6,b6,magnesium,magnesium,magnesium,saturatedFA,saturatedFA,saturatedFA,monounsatFA,monounsatFA,monounsatFA,polyunsatFA,polyunsatFA,polyunsatFA
,,VALUE,Median,Low 95% UI,High 95% UI,Median,Low 95% UI,High 95% UI,Median,Low 95% UI,High 95% UI,Median,Low 95% UI,High 95% UI,Median,Low 95% UI,High 95% UI,Median,Low 95% UI,High 95% UI,Median,Low 95% UI,High 95% UI,Median,Low 95% UI,High 95% UI,Median,Low 95% UI,High 95% UI,Median,Low 95% UI,High 95% UI,Median,Low 95% UI,High 95% UI,Median,Low 95% UI,High 95% UI,Median,Low 95% UI,High 95% UI,Median,Low 95% UI,High 95% UI,Median,Low 95% UI,High 95% UI,Median,Low 95% UI,High 95% UI,Median,Low 95% UI,High 95% UI,Median,Low 95% UI,High 95% UI,Median,Low 95% UI,High 95% UI,Median,Low 95% UI,High 95% UI,Median,Low 95% UI,High 95% UI,Median,Low 95% UI,High 95% UI,Median,Low 95% UI,High 95% UI
,,UNIT,kcal/person/day,kcal/person/day,kcal/person/day,g/person/day,g/person/day,g/person/day,g/person/day,g/person/day,g/person/day,g/person/day,g/person/day,g/person/day,mg/person/day,mg/person/day,mg/person/day,microgram RAE/person/day,microgram RAE/person/day,microgram RAE/person/day,microgram/person/day,microgram/person/day,microgram/person/day,mg/person/day,mg/person/day,mg/person/day,mg/person/day,mg/person/day,mg/person/day,mg/person/day,mg/person/day,mg/person/day,mg/person/day,mg/person/day,mg/person/day,g/person/day,g/person/day,g/person/day,mg/person/day,mg/person/day,mg/person/day,mg/person/day,mg/person/day,mg/person/day,mg/person/day,mg/person/day,mg/person/day,mg/person/day,mg/person/day,mg/person/day,mg/person/day,mg/person/day,mg/person/day,mg/person/day,mg/person/day,mg/person/day,mg/person/day,mg/person/day,mg/person/day,mg/person/day,mg/person/day,mg/person/day,g/person/day,g/person/day,g/person/day,g/person/day,g/person/day,g/person/day,g/person/day,g/person/day,g/person/day
ISO3,COUNTRY,,,,,,,,,,,,,,,,,,,,,,,,,,,,,,,,,,,,,,,,,,,,,,,,,,,,,,,,,,,,,,,,,,,,,,
AFG,Afghanistan,,*,*,*,*,*,*,*,*,*,*,*,*,*,*,*,*,*,*,*,*,*,*,*,*,*,*,*,*,*,*,*,*,*,*,*,*,*,*,*,*,*,*,*,*,*,*,*,*,*,*,*,*,*,*,*,*,*,*,*,*,*,*,*,*,*,*,*,*,*
ALB,Albania,,3469.2148,2770.2084,4331.9109,106.0475,81.7019,132.7126,94.2171,72.5852,119.8494,554.3315,416.1337,731.6451,163.706,94.6987,287.6036,927.8619,626.2754,1354.7437,386.592,295.3896,514.4786,1386.6345,893.5765,2085.2287,32.0095,22.6593,44.3009,12.1195,9.4423,17.012,3929.8283,2800.0402,5221.6878,32.1627,24.094,41.9493,2.0478,1.5819,2.8212,1163.8527,796.3137,1907.6693,1763.1892,1325.989,2327.5847,1.6628,1.1924,2.2332,2.709,1.467,5.2595,16.9624,12.5867,24.2901,2.0561,1.5446,2.7738,374.5301,282.4534,487.687,37.3579,25.4495,52.9136,34.2881,26.1602,43.3238,13.8954,11.2024,17.0434
DZA,Algeria,,3791.7011,2848.8652,5000.7356,99.3716,72.1582,132.9602,66.1295,58.0403,75.3302,708.8842,506.1297,956.7107,103.9468,74.6686,142.0949,467.6445,369.808,689.5107,438.3417,340.9649,549.6453,557.1289,457.0641,681.3616,16.7939,12.2307,22.1476,11.1417,8.3499,14.5032,3410.3242,2876.2051,4042.7501,48.5894,35.5201,63.6225,2.3109,1.7509,2.9556,305.1823,225.7086,431.8072,1559.4465,1172.6957,2026.6623,1.8481,1.316,2.5373,1.4655,1.1071,2.0732,21.2019,15.5442,27.8202,1.9989,1.6195,2.4449,442.4307,327.1034,575.8453,17.4832,14.4506,36.3954,20.8079,14.4386,27.3963,20.747,9.1187,25.2452
AGO,Angola,,3149.5467,2658.2687,3791.0989,69.4747,55.6792,86.2851,68.8007,56.3558,85.5399,538.6262,448.7752,660.2228,353.3884,243.6233,1089.6139,996.3332,308.9768,2067.3793,519.7582,428.1117,652.0793,507.1613,436.0595,598.2952,19.8667,16.1391,24.9707,11.7892,9.4233,14.8485,5073.8369,4269.74,6315.5663,51.3085,39.1379,68.7768,2.2232,1.8046,2.8307,229.3022,199.5703,263.0364,1345.501,1089.8502,1677.8116,2.0019,1.5808,2.6023,1.3379,1.096,1.6664,21.8127,17.2673,27.4551,3.165,2.526,4.1144,567.8184,452.8783,747.4373,20.2201,15.6138,30.8249,30.7979,22.7444,42.3353,17.408,11.0421,21.8623
ATG,Antigua and Barbuda,,2196.352,1774.8267,2722.4151,84.5583,65.1992,111.8982,60.1811,45.0421,89.1555,329.8901,253.2953,434.8959,156.6802,77.433,1412.8401,493.0866,245.8044,1253.7973,218.3405,167.8163,295.8727,664.5346,320.619,1148.9299,26.8486,15.2361,58.0976,15.9715,7.1121,40.3918,3068.3562,2010.3768,4553.3956,21.6402,14.6224,34.0198,1.4436,0.96471,2.2625,611.6553,394.1225,1846.939,1323.5814,905.888,2216.5881,2.681,1.6792,6.8666,2.2476,1.4588,4.7546,31.1411,20.2108,70.655,1.597,1.1349,2.5122,240.323,184.8479,324.5407,24.8518,16.4793,43.8072,25.9915,15.9806,68.1288,16.5483,11.6933,23.7587
ARG,Argentina,,3108.3141,2807.038,3395.7592,109.8693,95.8892,125.6497,99.1443,80.5711,125.1889,445.419,387.5491,506.3853,99.8183,71.1869,171.8615,1410.5933,992.3711,2793.361,228.7438,203.8931,276.0846,1218.9907,296.2079,2081.6344,34.3735,22.8167,64.496,19.5311,11.9532,59.0439,3624.2611,2165.6872,5774.3336,18.2718,16.4705,20.2285,1.2872,1.0711,2.7444,882.3663,647.9518,2339.1768,1883.0345,1168.9236,2997.1505,3.6544,2.7955,8.7636,2.3637,1.5917,6.9876,26.1738,18.1115,47.1353,1.7044,1.4259,2.0018,240.6733,208.9725,289.0072,35.6708,31.6581,40.862,27.9259,23.1331,37.9368,28.3541,22.2238,36.2897
ARM,Armenia,,3247.5184,2598.8404,4036.6422,107.9157,83.4978,136.7919,87.7226,74.1455,104.0511,538.3793,403.2168,702.573,148.4099,88.7009,318.0415,885.1467,528.2111,1966.4693,437.0985,299.2103,659.4274,1072.2649,762.6728,1557.013,24.1865,17.0435,33.1407,18.0252,13.2274,23.7257,4452.7273,3449.492,5684.2867,61.1314,42.7182,84.7531,2.8787,2.0255,4.3834,643.2974,390.0565,1088.279,2499.4838,1858.0866,3256.5682,2.9546,2.0793,4.0787,2.4197,1.6294,3.6244,30.671,21.9264,41.3171,3.2849,2.5019,4.4741,808.787,563.4847,1094.8067,32.7635,25.8915,40.697,28.1808,22.6937,34.6708,18.0156,14.0428,23.2091
AUS,Australia,,3742.2379,3445.8232,4089.0266,114.1114,105.4908,122.6774,181.6202,154.2468,216.7013,417.0907,372.2593,467.0585,96.8579,74.226,128.1989,1041.0367,834.6855,1855.1712,287.8319,250.8938,341.9529,1299.4856,1031.8302,1589.7786,13.9504,11.63,20.8711,14.567,13.3072,17.6573,3123.2358,2717.4691,4307.6578,21.5109,19.2405,23.9457,1.8207,1.4756,3.3768,986.6683,774.0161,1663.2027,1810.565,1588.3707,2104.7842,2.7817,2.3284,3.2556,2.4697,1.6173,3.7179,21.6361,18.3211,25.2353,2.0677,1.6927,2.4755,329.6752,270.8937,383.3222,67.7,58.6508,77.6172,73.543,57.7473,92.7879,26.9818,21.4678,34.7058
AUT,Austria,,4138.7614,3594.959,4814.2267,102.5361,86.4477,119.6659,211.4546,174.3658,258.3288,464.8632,372.0715,589.1822,113.3173,79.9354,165.4895,1003.6052,778.0479,1292.5101,311.7296,258.0978,378.519,1058.279,751.7751,1445.1655,12.8988,10.4987,15.8283,12.7144,10.6724,15.0213,3522.7445,2870.7974,4495.1292,30.2396,24.1008,37.7817,1.7195,1.3697,2.1921,811.716,547.1466,1353.8706,1731.9281,1405.7483,2098.4506,1.9952,1.5544,2.4609,2.1292,1.514,3.1821,20.2195,16.4126,24.6768,2.1267,1.7611,2.5136,351.1278,279.2684,435.1814,74.3516,60.4493,89.8185,86.5835,69.6781,111.1142,35.2184,27.2047,46.0615
AZE,Azerbaijan,,3733.6465,2595.6492,5114.7345,134.8497,91.4901,186.2973,66.8386,50.1363,85.7794,695.7315,468.0825,994.0983,95.9698,55.5487,162.6436,522.9643,323.3881,898.2155,462.9003,321.9957,636.1747,823.5589,561.6495,1171.6782,35.3067,23.4221,51.2953,25.4967,17.0346,36.1285,4855.2507,3522.4141,6431.6236,89.2883,58.2374,129.1179,3.8708,2.5519,5.4657,448.1564,271.012,827.1678,3272.07,2217.4042,4604.2325,4.2009,2.7081,6.0965,2.3771,1.5609,3.3,42.9551,28.6338,61.2469,4.2519,2.9415,5.8642,1145.2108,749.0958,1659.6612,24.0936,16.3681,35.4069,17.6329,13.125,23.0601,15.7496,11.9289,20.6052
BHS,Bahamas,,2533.9433,2056.3548,3154.2505,69.972,52.8872,92.1987,87.8189,60.2516,129.33,370.743,294.9685,470.6043,219.3693,122.2888,816.6673,501.6772,330.7714,861.499,252.1323,183.7593,345.5754,310.9034,234.9698,416.1162,15.3198,11.2283,22.0023,9.0545,6.658,12.6825,2865.7474,2190.5616,3724.7353,25.2465,18.1619,34.5469,1.5016,1.1372,1.9927,360.5724,256.6947,525.8287,979.6926,765.5631,1239.9818,2.1044,1.5136,2.9423,1.6338,1.2105,2.2967,26.9315,19.5443,36.1064,1.9384,1.416,2.6221,248.6044,195.9586,316.6248,30.6832,20.8656,46.0751,34.3675,21.3365,54.7273,15.3274,8.5449,23.7563
BGD,Bangladesh,,2914.9974,1982.3043,4279.2523,70.5321,48.3086,101.1271,33.4149,25.9092,48.593,578.7411,376.3009,879.1387,71.9576,49.2219,262.1169,115.5492,63.7434,310.741,206.167,163.6506,258.2877,313.9383,205.6497,461.4828,14.721,8.9565,34.1861,5.7287,3.4285,8.9215,1462.2011,1099.118,2600.1062,20.743,14.4389,54.8143,1.4483,1.035,2.1512,210.2995,112.8852,393.9412,1168.4773,687.9506,2465.7958,1.7633,0.80187,4.0578,0.90473,0.59479,1.4911,22.5083,12.4314,51.8076,1.7047,1.1784,2.6253,305.0426,215.6429,430.4666,9.2354,8.3374,13.9038,9.2522,7.3652,11.4428,6.7557,3.9114,8.7876
BRB,Barbados,,3101.816,2742.5334,3461.998,82.2756,71.2637,93.4494,92.3307,71.6643,111.6731,489.4298,430.0703,558.3461,106.9728,76.572,296.8217,451.6317,358.9606,827.8277,299.5944,242.7543,376.9632,358.7492,307.4487,433.5784,19.5651,16.1578,23.7178,9.5524,8.3674,10.9581,2772.6824,2508.0617,3026.4201,26.5875,22.7142,30.7235,1.689,1.3969,2.0363,366.9428,279.2471,639.2915,1156.0521,1025.6486,1295.1596,2.5609,2.0801,3.1572,1.918,1.5739,2.3837,30.4239,24.3434,37.9209,1.8877,1.5405,2.2885,306.2232,270.497,344.7608,29.7797,21.3548,46.5962,34.641,22.006,44.5872,21.4221,11.4732,26.148
BLR,Belarus,,3668.8884,3120.6017,4321.5512,112.3832,93.4995,134.5716,146.0188,119.9903,173.853,485.966,390.377,616.7756,137.2601,92.452,224.7308,1154.3058,836.5568,2069.6369,374.7041,287.4848,499.5582,1191.7367,861.9753,1636.2098,17.0222,13.1726,23.9441,15.1651,12.5804,18.4798,4948.517,4034.4382,6035.9191,42.9424,32.5071,56.1719,2.2344,1.7252,3.7415,849.4009,577.3832,1449.7675,2147.7748,1755.1578,2638.7695,2.2211,1.7131,2.7878,2.3651,1.6403,3.4971,23.5996,19.2492,29.5838,2.8235,2.2956,3.6198,499.677,391.4354,628.367,51.3315,40.7628,62.5117,56.6662,44.8449,71.4008,26,20.9941,32.0479
BEL,Belgium,,4414.3555,3751.3606,5184.7155,113.3398,93.3091,134.4261,185.3725,167.6296,203.8567,576.6557,433.1799,740.6519,109.2053,90.5122,140.5668,1827.2287,1626.2108,2355.6562,379.8068,322.9212,441.1804,1147.4367,924.0382,1404.7591,15.8479,12.6867,22.587,13.6303,11.427,17.7324,3944.0533,3326.6712,4834.8986,29.2778,23.6573,35.8878,2.0011,1.5649,2.5058,844.9211,687.7182,1366.2768,1826.9959,1540.906,2153.8181,1.8743,1.4763,2.3703,2.254,1.578,3.1544,22.0758,17.8289,26.9288,2.3135,1.953,2.7404,368.8093,300.2025,440.542,77.8366,68.4199,89.1547,67.376,59.415,75.6227,26.399,19.9435,31.7036
BLZ,Belize,,2944.7208,2427.2637,3785.8169,80.7578,63.5627,105.594,65.567,52.9869,81.5597,510.5271,403.3178,684.5672,207.0974,114.5883,374.5471,343.4266,155.9199,821.2302,342.7174,250.4975,478.0539,506.8109,309.767,969.939,37.2192,23.7274,67.1203,14.6958,7.7325,24.7968,3605.0388,2335.8428,5330.5949,35.1106,27.0726,47.1614,1.9827,1.5087,2.6326,280.2345,181.3679,1272.7983,1524.1742,1035.7354,2541.7753,3.1724,2.2064,6.2014,2.0847,1.4622,2.9646,32.5091,22.9226,85.129,2.0799,1.6237,2.6993,408.4345,322.5258,549.6461,20.0309,15.8307,27.2741,23.9073,18.7404,33.3573,16.8951,13.3298,22.6351
BEN,Benin,,3204.3605,2515.613,4103.9005,75.4106,57.9371,96.2685,57.4625,46.3981,71.4827,570.8919,434.7609,751.0142,204.7592,189.7611,221.394,523.1067,253.7445,831.1132,504.4825,399.9675,658.9815,435.5818,351.7535,543.1716,24.9658,16.9498,34.2688,14.9746,10.9719,20.3366,6323.1623,5726.8063,7079.852,55.4525,44.4232,69.2365,3.0542,2.3949,3.8694,163.9812,139.2127,195.6936,1733.8072,1279.5628,2441.7941,2.8948,1.6149,4.093,1.0991,0.84354,1.4124,21.0108,14.7298,34.9773,3.3701,2.7786,4.6861,686.4614,480.459,1062.3729,15.2952,12.5089,18.5379,23.1419,17.8134,29.8191,16.5112,13.0451,20.4942
BMU,Bermuda,,*,*,*,*,*,*,*,*,*,*,*,*,*,*,*,*,*,*,*,*,*,*,*,*,*,*,*,*,*,*,*,*,*,*,*,*,*,*,*,*,*,*,*,*,*,*,*,*,*,*,*,*,*,*,*,*,*,*,*,*,*,*,*,*,*,*,*,*,*
BOL,Bolivia (Plurinational State of),,2462.1356,1925.3924,3222.5057,79.9878,60.6385,104.2389,46.1481,34.2731,65.5868,426.9024,319.434,578.2182,91.034,64.9541,132.4656,515.0638,301.6152,1186.452,312.27,244.2784,395.2959,483.5187,305.1484,854.6971,34.2682,20.6118,57.1758,14.1292,8.8892,29.3976,3427.1284,2396.7155,4715.5255,23.5521,18.1875,30.4577,1.55,1.1841,2.4783,308.5623,202.5449,1270.0589,1461.2765,991.6199,2363.9194,2.5303,1.6548,5.2895,1.8974,1.3298,2.9399,27.3212,18.2252,45.5247,1.7626,1.3871,2.2474,277.4634,220.2263,350.4826,15.2126,11.1316,21.8018,14.3162,10.8904,27.2022,12.1535,9.4707,15.497
BIH,Bosnia and Herzegovina,,3121.9532,2495.4221,3969.6501,84.7482,69.3721,104.2072,69.2617,59.1821,79.7502,542.7374,407.641,712.0093,196.0483,128.8288,303.2573,819.4343,623.1131,1277.2909,458.6394,351.6303,587.5996,808.3259,609.3602,1058.2286,13.1135,10.6318,16.8032,9.5203,8.0308,11.3636,3464.7005,2868.5144,4155.246,33.2414,26.7743,40.8051,1.8472,1.4632,3.4166,487.5006,357.8844,809.106,1383.8239,1146.41,1645.9153,1.4899,1.1694,1.8737,1.6017,1.1023,2.2071,19.3046,15.3222,24.5276,2.2498,1.8783,2.6809,353.8311,285.5481,437.05,23.9164,19.5249,28.992,23.8741,19.8013,28.2281,14.9517,12.2066,17.9248
BWA,Botswana,,2648.9881,2107.8259,3327.4773,73.1177,56.0363,93.1934,67.9307,58.4857,78.6286,421.9407,315.8926,552.5087,74.0486,52.67,138.2988,412.6205,202.8129,965.2294,309.8752,228.2502,643.1152,518.6892,358.9781,692.9664,26.418,17.7452,37.8103,11.7456,8.6548,15.4974,2625.8873,2147.9498,3179.1069,28.8131,20.1009,40.3702,1.6961,1.1699,2.8408,228.9136,180.3262,298.3569,1486.8701,1142.2757,1898.7673,1.7402,1.3127,2.2962,1.4787,1.0959,1.9415,16.5785,12.2991,21.7829,1.9662,1.4717,2.6462,629.9322,483.5553,830.6512,14.6132,11.5017,19.009,19.6613,16.0427,23.7066,16.1062,13.0505,19.538
BRA,Brazil,,3368.772,3155.2575,3603.8382,105.6442,95.0646,116.6576,105.9825,93.1339,128.1832,492.2055,449.6552,538.7907,148.6033,106.9799,207.7105,868.7598,469.1583,1605.3558,480.3232,430.9415,588.5272,923.0552,386.3138,1490.0797,39.682,28.4898,63.4448,18.0831,12.89,45.0403,4795.9996,3609.8448,6203.4306,30.781,27.6665,35.9514,2.0217,1.7536,2.8618,598.2306,459.5199,1500.771,1886.1325,1382.0347,2519.2421,2.0697,1.3932,4.9744,1.6749,1.1863,4.3109,23.6682,16.5591,63.7107,1.9822,1.752,2.2301,376.222,337.2405,419.5679,37.5336,34.2648,42.4258,30.4112,26.5545,40.1403,31.9025,29.0248,34.8123
BRN,Brunei Darussalam,,3103.1821,2471.1874,3966.6972,78.7174,59.9915,101.724,78.0834,55.4928,111.6353,517.0478,388.0972,693.2409,84.7385,50.7885,586.4181,288.3591,190.471,474.0521,231.4946,185.2232,289.5101,331.0247,245.0185,427.2758,14.0789,9.9206,22.4067,8.3034,6.0127,13.4357,1915.8925,1478.9955,2526.0558,20.2771,14.1773,36.6362,1.6153,1.2071,2.1767,355.7497,249.2464,492.2838,1146.9382,852.6421,1782.6024,1.3556,0.84136,2.3333,1.2251,0.87402,1.9729,21.8717,14.1903,34.9316,1.7393,1.279,2.3319,290.8675,227.1237,372.7235,25.6239,18.4096,38.1392,29.4829,19.5773,46.3925,14.8531,10.7534,19.8511
BGR,Bulgaria,,3194.5245,2771.4074,3651.3866,86.1459,74.1438,98.6749,105.212,93.4135,117.824,473.5923,384.2429,567.6167,78.7711,55.9457,112.1925,488.2869,394.6504,945.0616,286.4408,244.2133,327.5258,661.9184,545.0729,807.6804,11.6852,9.7125,14.2866,9.257,8.0207,10.5939,2326.1052,1977.8777,2755.8773,26.2415,21.5422,31.4573,1.5287,1.2473,1.9494,428.4021,352.5346,677.3172,1307.8069,1138.685,1495.3418,1.4666,1.1806,1.8025,1.4643,1.132,1.9022,17.2067,14.504,20.058,1.5142,1.3005,1.726,289.6744,242.2116,345.4905,33.0705,27.7511,39.4123,40.6085,34.8062,46.1474,23.8242,20.0705,27.282
BFA,Burkina Faso,,3457.0701,2235.5792,4852.2295,97.8464,67.0661,133.3228,68.0134,56.033,81.3908,582.5643,340.045,859.3059,31.7607,23.2244,47.0819,509.5912,212.1605,871.4196,498.5922,383.9141,652.6282,337.8621,269.6701,422.9403,38.6299,24.2683,55.6333,22.0508,14.2753,31.3615,3446.0245,2498.0401,4499.0851,58.646,38.1756,83.8058,3.3954,2.2935,4.7003,190.5215,142.0937,249.2315,2312.9121,1494.748,3352.436,2.617,1.8127,3.6761,1.4098,0.97423,1.9422,23.5021,16.8337,32.4841,3.0349,2.017,4.5393,1054.4521,659.225,1534.4443,17.5265,14.8661,20.4428,23.9787,20.0952,28.3877,25.9841,19.871,32.3704
CPV,Cabo Verde,,2814.1081,2178.2937,3672.8649,75.5558,57.6607,98.0784,72.9298,59.6302,91.5573,450.5227,329.3168,622.5215,113.1153,90.0632,185.3796,376.7471,256.5081,608.255,340.08,262.2056,456.3886,497.5752,352.7061,681.8414,25.7492,18.1304,36.969,12.6064,9.296,17.0965,3222.6885,2687.6805,3945.3921,33.7139,24.746,46.3019,1.6723,1.2547,2.2622,269.4932,213.4754,341.8416,1494.4958,1082.9249,2166.1288,2.0307,1.4441,2.9985,1.3246,1.0286,1.6763,18.7945,12.8043,31.5325,2.2593,1.7167,3.4664,502.377,352.7534,846.1225,25.6143,19.0909,38.8206,27.9613,20.2618,37.5917,17.8952,9.9244,24.7305
KHM,Cambodia,,*,*,*,*,*,*,*,*,*,*,*,*,*,*,*,*,*,*,*,*,*,*,*,*,*,*,*,*,*,*,*,*,*,*,*,*,*,*,*,*,*,*,*,*,*,*,*,*,*,*,*,*,*,*,*,*,*,*,*,*,*,*,*,*,*,*,*,*,*
CMR,Cameroon,,2941.2541,2377.09,3756.0971,77.6569,61.1802,100.4181,57.5669,48.5399,67.7842,504.6079,392.8502,668.7822,181.4781,167.2564,199.6962,852.177,202.8731,1435.6581,537.9548,410.2866,710.4645,412.7934,358.0832,474.7175,25.8811,19.508,34.8728,16.887,12.7722,22.579,4826.4356,4148.084,5627.2568,47.6308,37.4592,61.5404,2.5572,2.0699,3.1842,189.8144,166.1569,220.3289,1677.2844,1298.4998,2194.8569,2.2522,1.7209,2.9995,1.1068,0.89949,1.4029,20.8859,16.208,28.7238,2.9122,2.3611,3.7271,731.5286,552.8389,991.3724,17.6367,14.7948,21.1863,21.5158,17.7585,25.4596,15.3125,12.4167,18.5216
CAN,Canada,,4087.639,3837.4042,4342.8974,112.1895,104.3362,119.8896,190.0237,172.4206,206.6896,490.1085,445.3296,539.8138,135.6856,100.2219,255.1219,1057.7176,891.1803,1256.3567,471.1209,429.1402,517.8755,1164.4163,946.8653,1379.3906,25.3614,22.8364,28.7789,13.8552,12.6891,17.1014,3644.5844,3265.8249,4563.137,29.7848,27.468,32.4264,2.0539,1.7677,2.437,845.1506,666.7826,1353.7842,1804.3499,1599.9928,2030.0446,3.3592,2.9608,3.7996,3.2377,2.4121,4.1469,34.1381,30.31,38.7809,2.3443,1.9885,2.7745,374.3706,324.966,427.8715,62.8295,53.8522,78.243,78.5867,68.2817,88.6041,35.2911,25.0777,40.6688
CAF,Central African Republic,,2587.3761,2233.9249,3049.5532,61.0275,48.2313,77.0434,69.1264,54.2933,86.4181,409.4157,351.3319,493.976,169.5487,157.7384,188.8945,389.5197,114.6448,803.9494,322.5044,254.7067,515.456,489.4992,402.2947,600.742,19.9341,14.1399,29.8655,11.326,9.2306,14.1389,4753.3656,4375.756,5246.4761,41.3703,34.341,50.5087,2.5997,2.0195,3.6151,201.8411,168.0079,250.5033,1284.7174,1039.4404,1583.55,1.8114,1.1268,2.3434,1.1331,0.88801,1.462,15.0247,12.043,19.1877,2.5001,2.1653,2.9868,535.9722,430.2722,690.9406,17.2588,14.0025,21.4734,27.8073,22.1116,34.8164,20.8721,16.0743,26.7014
TCD,Chad,,*,*,*,*,*,*,*,*,*,*,*,*,*,*,*,*,*,*,*,*,*,*,*,*,*,*,*,*,*,*,*,*,*,*,*,*,*,*,*,*,*,*,*,*,*,*,*,*,*,*,*,*,*,*,*,*,*,*,*,*,*,*,*,*,*,*,*,*,*
CHL,Chile,,2923.0708,2372.3731,3584.8596,96.7829,76.1451,124.1767,72.8409,57.0345,95.5948,473.4055,357.9661,608.3006,88.9849,58.0181,178.5334,640.3633,334.7982,1388.926,283.4794,221.7534,359.2249,762.763,346.2648,1438.0969,34.6884,21.3782,69.2409,16.7093,9.4642,36.9044,3611.3053,2173.7755,5647.055,23.3477,17.5138,29.9314,1.5178,1.1726,2.0073,555.6702,365.2681,2049.458,1700.9861,1132.9361,2907.0874,3.9986,2.5293,8.8155,2.1645,1.3924,4.7922,26.0868,17.1851,40.6896,1.6263,1.2869,2.072,266.3206,211.4386,333.7131,24.3242,18.3584,33.7848,24.1304,18.3516,34.97,18.3029,15.0486,22.2814
CHN,China,,2999.6168,2742.7247,3305.8299,98.6895,90.4593,112.0748,75.9542,70.9189,81.292,491.8992,436.1305,567.3871,230.5424,169.3685,418.2022,1536.3776,760.8429,3641.7862,492.8776,409.2488,805.8223,704.5911,537.6109,1503.8437,32.9907,25.655,60.6602,17.4366,14.8863,29.084,4217.035,3698.4683,4932.0304,41.4529,35.5895,59.315,2.7301,2.2221,3.5588,524.3178,362.5414,908.6594,1473.3292,1322.5603,1671.2934,1.6946,1.5125,2.1293,1.5925,1.264,2.6628,26.8857,21.4445,33.2318,2.7323,2.3477,4.2024,441.7847,377.9743,654.6906,24.5578,21.7673,29.8944,30.7316,27.0095,34.5452,17.0327,13.7345,18.9638
COL,Colombia,,2779.4175,2366.097,3334.4955,70.381,57.8016,85.2258,75.841,66.5847,88.1628,455.6348,374.9069,561.4375,114.3495,83.0462,155.2664,2111.975,837.7244,2854.0162,301.5479,260.2145,350.5028,749.9883,324.0826,1185.2703,28.3376,18.4331,48.8339,13.3104,8.5932,27.8946,4190.4952,3090.6152,5388.288,23.8025,19.4264,29.1956,1.3335,1.0852,2.0764,487.5001,370.7578,1060.6495,1385.7596,951.1952,1930.6526,2.0727,1.3741,4.9881,1.8466,1.2552,4.0635,21.9945,15.5399,32.5936,1.6432,1.3813,1.9313,250.2464,207.9547,302.7933,29.8885,27.6461,33.1377,22.8078,20.7854,28.9926,17.1738,15.152,19.7222
COG,Congo,,2529.7594,2233.4455,2944.8226,54.8342,44.9675,67.3885,45.7118,38.8403,53.7868,462.8043,403.0746,543.7639,224.3307,211.3563,276.5593,938.7563,73.7467,1625.8532,300.0751,263.5116,408.7947,408.1302,375.0147,449.1354,21.0788,16.5492,27.6472,8.5781,6.9417,10.8346,3146.1084,2897.6905,3481.5254,24.6622,21.1049,29.3317,1.5056,1.3028,1.7766,174.7797,155.4546,201.6225,1019.2659,854.9391,1279.0465,1.2231,0.96509,1.6546,0.82496,0.71604,0.9687,17.3252,13.8055,23.4533,1.8327,1.5378,2.2867,414.4803,345.7231,546.8466,16.4794,13.0886,20.6688,16.6319,13.0062,21.6154,7.8103,6.4497,9.2812
CRI,Costa Rica,,3119.2348,2591.2825,3828.5199,87.8678,68.5384,113.1641,93.2897,75.1098,115.3536,482.1973,384.8305,619.9192,104.0171,58.7045,365.1481,4152.2826,3033.1606,5168.9064,354.5377,253.2791,497.0672,1080.1332,351.2945,2019.8619,32.3311,18.898,82.3683,16.9204,10.002,32.3527,3972.8854,2336.2225,5893.0055,29.8724,21.8203,40.1692,1.816,1.3754,2.9755,669.1685,403.5041,1462.56,1676.6094,1067.1596,2562.5915,3.5206,2.2141,7.748,2.7023,1.8514,6.9699,32.4019,21.9752,51.1095,1.7982,1.4396,2.2876,359.2332,268.915,483.4882,38.2464,29.57,50.058,29.1424,24.0122,36.9277,19.5078,16.2838,23.7731
HRV,Croatia,,3292.6247,2793.5522,3997.6268,83.9014,68.3917,103.3285,118.0406,102.2418,136.061,479.4241,381.5353,624.7789,92.8468,63.0376,149.7374,588.7831,445.9987,803.1186,238.6625,191.79,298.3924,849.8891,638.5809,1137.0709,10.7767,8.6906,13.6278,9.5143,7.5471,13.4494,2686.0576,2136.3436,3403.528,21.0214,16.3744,27.4453,1.4321,1.1145,1.8563,773.7907,538.747,1159.7662,1303.0234,1057.6102,1614.0586,1.4689,1.1413,1.8388,1.9098,1.0783,3.5348,14.8923,11.6873,21.1943,1.6223,1.3274,2.0371,261.345,201.6469,336.1416,42.3376,34.9554,52.516,44.765,38.234,52.0678,21.8178,16.4276,26.7456
CIV,Cote d'Ivoire,,3267.4019,2733.9152,4034.2449,69.4657,55.8916,88.2436,52.0869,42.674,63.928,606.847,498.2458,768.0764,195.3131,174.4914,222.2835,1216.0205,344.414,2278.3113,410.5592,355.9296,507.7425,377.2822,303.872,474.996,22.2882,16.3153,30.3732,15.1087,11.1836,21.1123,6700.0134,6147.6898,7423.9302,47.7344,40.5551,57.6335,2.525,1.9264,3.3418,171.2672,144.8121,213.5532,1461.4179,1138.9475,2176.6657,2.6644,1.2447,3.9285,1.189,0.89738,1.5579,20.8385,13.9893,37.2575,3.7134,3.1229,5.0705,514.6236,375.3839,936.3788,21.5387,17.2721,26.7408,17.8607,14.6369,21.8018,9.6968,8.0301,11.6957
CUB,Cuba,,3126.2807,2538.5789,3901.7582,85.1341,66.2365,109.516,51.6402,40.178,68.0501,579.2118,454.6111,738.5436,190.9589,107.5942,446.6174,973.9842,402.7991,3609.7489,485.5351,345.7966,670.2043,731.0855,423.6762,1553.8879,40.815,24.189,80.4122,14.819,8.6663,25.0095,5445.0504,3745.0732,7486.787,36.1599,27.7603,48.0848,2.2502,1.7063,3.0316,387.0432,254.3668,1172.2023,1683.0428,1128.694,2712.6386,2.2373,1.4538,5.0182,1.585,0.98636,2.8639,22.5824,14.4999,39.4965,2.2662,1.8019,2.9776,392.9619,298.3449,530.4088,16.8528,12.8493,22.3473,14.5944,10.8348,20.6558,15.8868,12.6927,19.9125
CYP,Cyprus,,2719.1062,2326.1928,3198.9196,80.3729,67.9016,95.7728,117.8024,95.961,143.1698,336.8002,272.5144,427.5552,88.9053,67.0739,117.106,472.4415,353.3591,926.4444,249.1718,212.4828,293.2046,674.1882,528.0015,861.6981,11.1174,8.9587,14.4359,9.1892,7.7753,11.1552,2554.682,2190.6263,3013.6822,19.3849,16.3062,23.4125,1.4854,1.2258,1.8707,573.1476,430.8727,784.3637,1232.3854,1057.7902,1465.8398,1.4139,1.1724,1.723,1.6742,1.2425,2.2529,16.5549,13.399,20.7271,1.5398,1.2988,1.8258,252.3074,216.0077,298.7145,35.4446,27.6308,46.6778,49.3741,39.2554,61.743,24.4018,18.2587,31.0716
CZE,Czech Republic,,3553.6965,2954.8454,4277.26,93.1945,76.2541,115.2529,161.3912,128.0586,209.3795,433.691,344.4456,558.7304,88.4964,63.0022,128.6971,722.8672,535.9893,1212.5244,274.1841,224.3982,330.6546,821.2242,590.7071,1154.1404,12.085,9.6826,15.6904,10.8163,8.8745,13.2701,2832.6659,2261.1553,3593.2699,25.3214,19.5668,32.0361,1.4996,1.1708,1.8966,664.4838,439.9512,1098.2076,1506.8599,1208.9767,1845.211,1.6618,1.2883,2.1323,1.7147,1.1867,2.529,17.553,13.7867,22.7562,1.7481,1.3959,2.15,301.7377,238.4663,376.9643,52.0414,39.8592,66.8531,68.6523,50.2624,96.8927,29.0088,20.3713,41.3518
PRK,Democratic People's Republic of Korea,,*,*,*,*,*,*,*,*,*,*,*,*,*,*,*,*,*,*,*,*,*,*,*,*,*,*,*,*,*,*,*,*,*,*,*,*,*,*,*,*,*,*,*,*,*,*,*,*,*,*,*,*,*,*,*,*,*,*,*,*,*,*,*,*,*,*,*,*,*
DNK,Denmark,,4546.1533,3669.0857,5606.1635,143.4801,110.2707,187.2869,185.7073,141.7505,237.3086,581.5363,446.9873,736.0314,123.6318,75.8355,209.4179,1558.2668,1035.8437,2338.1219,380.5437,295.2422,492.977,2036.0989,1150.2753,3514.4088,16.035,12.2495,21.229,18.5869,14.4956,23.5121,4332.6278,3041.8138,6985.0973,36.3952,26.8273,47.3163,2.1666,1.6182,2.9353,1485.2108,838.331,3177.4338,2647.3576,1949.5834,3737.7672,2.1445,1.4699,3.1213,3.1337,1.9315,6.2685,22.9309,17.3155,29.5377,2.4294,1.8414,3.1726,490.8907,352.9577,663.845,81.9939,58.0321,114.9187,65.011,50.1875,82.8856,23.2436,17.7104,29.942
DJI,Djibouti,,2815.665,2149.0779,3689.9137,70.4787,53.2681,96.4121,53.1455,43.9527,62.524,500.4121,362.9498,688.5097,57.8874,37.2492,104.2307,1124.1299,102.4143,2356.499,354.5227,259.4345,486.1971,272.7418,208.8669,361.0254,36.6046,26.0692,52.2749,24.3201,16.7797,35.5338,2137.2102,1670.1734,2806.3454,25.7392,19.0326,35.3165,1.8951,1.315,3.6295,100.5079,77.8871,133.7418,1180.1524,848.5407,1798.7978,1.9538,1.359,2.9229,1.035,0.69288,1.5176,15.6151,9.9846,27.0993,1.8064,1.2923,2.8255,445.3271,306.82,757.9272,20.4496,15.8176,26.3823,16.894,13.2784,20.5496,10.3206,6.6191,14.1368
DMA,Dominica,,,,,,,,,,,,,,,,,,,,,,,,,,,,,,,,,,,,,,,,,,,,,,,,,,,,,,,,,,,,,,,,,,,,,,
DOM,Dominican Republic,,2614.2198,2144.9423,3188.2599,69.2092,54.3927,89.1113,86.245,71.0809,108.4806,393.4603,303.8345,525.3502,152.6959,92.5894,277.1137,1945.567,849.209,2837.4912,356.3073,261.4409,496.1637,494.2751,275.7207,838.8872,25.5531,15.9271,47.9524,11.9382,6.2584,23.654,3798.6046,2601.9549,5237.4787,26.5918,19.7152,36.748,1.5067,1.1136,2.1174,332.3628,228.78,1035.6076,1324.2338,832.8974,1996.5623,2.0689,1.344,4.5427,1.5889,1.1121,2.965,24.4461,15.862,39.4229,1.8066,1.3719,2.3904,279.3472,216.0897,367.6434,30.6044,25.2723,37.7007,27.0793,21.8871,38.7468,22.5938,18.1081,28.07
ECU,Ecuador,,2669.6744,2186.3265,3310.096,79.8401,62.1496,103.442,96.1784,76.914,120.1041,374.2508,280.6375,499.0607,95.296,51.111,216.1486,2746.5159,1123.3076,4054.2328,227.6983,178.4327,292.3778,902.895,213.457,1904.184,27.214,17.0231,48.5829,13.5154,7.8372,27.5304,3234.4787,2057.8449,4506.8056,21.1331,15.6191,28.8969,1.3237,0.97789,2.3878,670.2548,382.3294,1444.6719,1437.5563,838.7154,2187.9807,2.086,1.3069,6.2173,2.1631,1.3588,6.22,23.4247,15.8026,37.9148,1.9252,1.4284,2.6327,260.4821,194.277,353.2521,43.4936,34.2251,55.8996,31.3433,25.3196,40.4039,16.5389,13.5806,20.1097
EGY,Egypt,,4257.5824,3115.7204,5952.8678,109.638,83.5492,147.7812,61.5176,52.0587,73.2588,816.8471,564.2072,1186.2183,160.2085,118.8799,220.6682,554.5897,446.3094,832.0934,527.1407,420.7961,664.2152,693.3686,564.1705,846.2055,32.2642,22.0774,47.2586,11.1228,8.6893,14.6588,3947.8935,3397.3609,4587.1988,44.181,34.6643,57.2707,2.5375,1.9705,3.3124,409.4787,338.2748,508.56,1580.8508,1267.6146,2020.3477,2.0687,1.4783,3.0981,1.4809,1.1754,2.189,25.6731,19.2202,35.5485,2.2816,1.8875,2.7428,463.7807,380.0059,587.5481,21.3818,16.9273,29.4268,19.4596,15.2569,23.8779,14.4433,10.138,18.1032
SLV,El Salvador,,2800.7694,2197.8301,3603.928,76.46,58.1294,101.2396,57.7686,45.2156,73.6211,513.3354,381.8622,690.8891,98.8999,55.1445,187.0707,2118.8005,1877.6827,2691.6849,369.9567,264.4974,539.6794,684.5146,399.4904,1342.3568,43.6025,27.9657,71.8619,14.1848,8.5275,24.0794,3694.8375,2441.5828,5036.1915,41.9997,29.8137,56.6388,2.1167,1.5342,2.8416,334.2419,214.0251,810.7536,1762.3472,1062.7523,2640.1813,2.4935,1.5372,4.4995,1.5343,1.0262,3.183,23.6851,15.3717,39.29,2.9781,2.1288,4.0338,648.667,459.6698,903.3324,20.3522,16.2527,25.3446,18.4232,15.3437,24.1634,18.3739,14.4715,22.9736
EST,Estonia,,3420.0653,2920.1877,4142.2328,108.9083,92.5128,129.46,112.8881,97.7602,129.5806,500.0633,388.9198,649.811,113.7537,79.4959,192.7045,1358.6588,1115.4115,1808.5324,371.9386,309.5117,456.2201,1316.7435,1007.2528,1715.3265,14.725,11.6967,18.4792,13.8305,11.8619,16.5619,3937.1143,3144.0641,5033.8836,38.9895,30.731,51.2857,1.9848,1.5345,2.7475,924.7354,672.1065,1624.7874,1979.6183,1621.8678,2425.8301,1.9302,1.4338,2.4965,2.2802,1.6306,3.5095,20.5823,16.6276,25.4042,2.2766,1.8469,2.7953,413.0097,316.1417,534.7242,48.3796,39.4391,58.3006,37.3916,29.8676,45.3683,16.9581,11.4248,22.7668
ETH,Ethiopia,,2707.4068,1995.0794,3646.6088,77.774,56.1877,104.2794,50.3186,43.5072,58.756,470.715,328.9846,662.1013,66.2162,57.4159,75.8874,382.9689,92.381,700.1098,386.5173,262.4372,825.5695,560.4643,415.3967,740.3056,75.6958,37.9417,133.1458,15.2011,10.7206,21.7531,3071.0499,2361.6802,3929.6973,39.8756,27.353,57.6132,2.6245,1.821,3.6875,172.9463,134.8787,221.2552,1932.2237,1430.8493,2634.7839,2.2174,1.5495,3.0884,1.2424,0.94472,1.5966,15.4615,11.2858,20.8826,2.3483,1.6775,3.2399,873.8005,637.9028,1204.7798,10.689,8.565,13.2707,9.9435,8.1435,12.061,8.5697,6.1732,11.6937
FJI,Fiji,,3625.1366,2897.2091,4555.1885,85.7668,67.6341,109.0032,107.8472,85.1207,137.0529,577.7657,430.636,774.5253,67.2696,49.027,185.7763,475.1661,353.6549,942.2823,309.9514,238.0304,400.7793,358.9721,276.1018,464.284,31.5562,20.9397,45.3555,16.6606,12.1909,22.4914,3113.0851,2714.2051,3601.8246,39.5701,31.1185,49.5953,2.2348,1.7708,3.0611,288.6173,219.8848,387.2055,1266.2398,1034.3499,1541.045,1.8796,1.2701,2.9452,0.97797,0.75686,1.3292,21.7569,15.2114,31.4035,1.8453,1.4765,2.3183,320.4414,263.4009,390.4988,61.9107,43.7076,84.689,23.6556,16.7809,32.1453,14.8464,7.8563,19.5127
FIN,Finland,,3473.3948,3139.7994,3801.1075,117.4838,106.4011,128.043,142.3456,127.2641,157.5079,437.127,368.6488,509.5533,89.6402,68.7369,150.6431,1194.4642,989.7058,1477.3818,289.9432,251.714,331.8792,1494.5648,1173.9669,1873.5064,12.8587,11.1264,14.9237,14.5202,13.1776,15.8934,3272.1558,2867.6465,4706.5563,32.346,28.0574,37.0031,1.7539,1.4273,2.183,956.2156,760.6192,1791.7217,2118.7889,1828.5306,2467.802,1.944,1.5552,2.4146,2.1103,1.6578,3.6561,20.3692,17.3347,24.8949,2.1077,1.7458,2.5107,406.7625,332.1454,483.6598,59.1933,50.4998,67.3849,53.7945,46.9757,60.4343,17.3884,15.317,19.86
FRA,France,,4017.5274,3504.3774,4698.548,120.4463,105.5514,139.7199,185.8481,164.9365,207.6394,469.5894,367.2181,605.0842,130.7032,95.9991,240.2331,1155.3559,949.643,1834.6129,342.8935,288.0749,419.4628,1388.2108,1092.4663,1717.7167,14.6111,11.6815,19.593,13.9122,12.0805,21.8653,3423.5301,2887.2888,4526.2314,23.7124,19.5733,29.2284,1.8488,1.4412,2.8028,970.4175,760.5651,1612.7226,1940.2263,1655.2434,2265.2243,1.7722,1.3858,2.273,2.3759,1.7621,3.5435,21.3765,17.8598,25.5512,2.0637,1.7381,2.458,343.2269,274.5684,416.6757,75.3985,66.4059,89.2753,66.3405,57.1557,76.902,29.3633,22.0482,36.3172
PYF,French Polynesia,,389.938,373.5757,410.79,4.6156,3.905,6.5565,1.8513,1.7822,1.9247,90.6824,87.1222,95.3118,11.9381,9.4374,17.5853,28.0691,27.7158,28.2163,31.7732,28.3709,131.6777,36.8604,24.9469,53.7102,1.6333,0.96727,2.2801,0.68971,0.56771,1.9538,559.8586,433.5686,742.7602,2.3983,1.7546,3.6149,0.1717,0.13384,0.21588,48.9776,34.4768,78.9362,109.7312,85.5641,180.7236,0.13142,0.086946,0.15905,0.1448,0.12902,0.40327,1.4354,1.018,3.1914,0.27489,0.18431,0.47504,32.0077,26.4308,52.9244,0.58441,0.57616,0.5965,0.66057,0.65309,0.67773,0.39118,0.36724,0.41733
GAB,Gabon,,*,*,*,*,*,*,*,*,*,*,*,*,*,*,*,*,*,*,*,*,*,*,*,*,*,*,*,*,*,*,*,*,*,*,*,*,*,*,*,*,*,*,*,*,*,*,*,*,*,*,*,*,*,*,*,*,*,*,*,*,*,*,*,*,*,*,*,*,*
GMB,Gambia,,3474.9609,2652.8089,4918.6684,78.2677,57.7204,113.3465,79.6204,67.7838,96.4667,600.1037,423.9259,892.1657,37.6203,22.6143,61.3485,862.8996,78.7843,1575.3266,288.9793,204.2619,435.452,299.5493,220.7695,414.0049,33.874,23.0391,53.8461,16.3129,11.4629,25.4005,2352.525,1709.9185,3373.2547,33.2121,23.1422,51.0685,2.741,1.9581,4.0811,159.1977,123.4965,207.9943,1706.8867,1140.8065,2717.1067,1.8392,1.1458,3.2689,1.0323,0.73228,1.5286,21.9365,13.2774,41.6626,2.6576,1.7003,4.4897,760.7582,477.1147,1260.9203,22.1388,18.3516,28.5871,30.2006,24.7938,36.8103,24.5463,18.1089,32.2939
GEO,Georgia,,3238.2057,2459.3753,4242.5382,107.0157,78.6036,142.5799,74.9363,62.7493,88.6573,565.8431,410.4978,784.0086,38.5075,28.4297,51.3916,308.4066,219.5179,520.7907,317.9908,231.9921,431.9371,671.5174,503.5411,893.7397,24.0974,16.4718,34.0215,18.5988,13.2753,25.5222,3422.5021,2570.5368,4483.0155,66.181,44.8831,94.526,2.8891,2.0304,4.0448,403.5545,268.7816,696.8897,2538.8706,1792.6987,3454.5336,3.2384,2.2365,4.5717,1.8377,1.252,2.5204,33.1589,23.5055,46.209,3.2701,2.3761,4.4287,880.2472,591.398,1253.4779,22.2205,17.1801,27.8702,25.1519,20.547,30.0353,19.8193,15.44,24.9711
DEU,Germany,,3839.1625,3541.2002,4167.6383,103.3719,94.5974,112.7766,180.9257,164.3623,197.4249,456.7385,400.4681,516.6115,87.3919,68.0471,118.7028,972.5023,791.752,1200.0734,291.2886,253.5566,333.8539,1204.9511,947.7168,1543.8912,12.1453,10.6188,14.7162,12.6471,11.4731,14.674,3036.3104,2655.0916,4150.2353,25.4009,22.3822,28.7003,1.6434,1.3589,2.0295,851.244,619.0867,1468.294,1781.7073,1538.415,2070.3989,1.8224,1.5192,2.1696,2.2181,1.5034,3.3103,18.5364,16.3348,21.5809,1.927,1.615,2.2685,343.7961,291.6488,406.4165,71.8031,61.8809,85.6508,66.9465,58.8421,74.5147,28.7337,20.332,33.7636
GHA,Ghana,,3469.2837,2969.1419,4178.6918,68.5152,55.5938,84.4928,50.0805,42.0696,58.8801,657.4274,556.5881,799.1153,317.6513,274.3184,378.639,659.1754,302.7318,1089.5542,463.3811,405.4813,540.2028,483.5119,422.1378,559.1993,24.3049,18.7888,31.9919,13.5868,10.5033,18.056,7423.7974,6670.7717,8411.7457,57.3076,48.7017,68.1939,2.7506,2.2536,3.3331,218.0742,192.4071,251.9123,1591.4345,1274.4669,2084.7478,2.9566,1.7706,3.9664,1.477,1.1882,1.8299,26.5845,20.3432,37.0381,4.0538,3.3908,4.9969,634.1495,478.5485,896.4802,16.9755,13.659,20.5141,19.0557,15.2985,23.3454,13.695,10.7006,17.1129
GRC,Greece,,4058.2338,3500.9155,4653.8751,124.6616,107.6143,142.3136,180.4031,158.7047,201.9036,489.7192,388.1652,611.1063,200.8985,161.7378,243.9348,947.242,791.0011,1183.2214,412.7939,359.2568,476.8131,1635.887,1406.9305,1883.254,16.5677,14.2865,19.4982,14.0059,12.3507,15.7715,4687.6753,4282.6153,5160.1479,32.1514,27.2525,38.0807,2.3463,2.0133,2.8811,1055.5412,898.7952,1230.2896,2207.8232,1943.7732,2461.2532,2.0192,1.7629,2.3091,3.3097,2.7772,4.3395,22.3525,19.5973,25.5912,2.3979,2.1286,2.6926,435.0574,386.3584,489.0565,60.0305,52.9209,67.6546,79.1753,68.5259,89.5558,29.8827,25.8591,34.1131
GRD,Grenada,,2451.3121,2041.5468,2947.0154,65.9024,51.7546,83.8682,88.721,69.5754,116.7203,348.7075,281.7964,440.6776,122.8563,62.9658,380.4463,343.0379,223.7923,613.3178,320.2934,232.0891,435.9118,263.354,206.3503,336.2385,14.7857,11.071,19.5332,7.0249,5.5154,8.831,2448.4978,1939.6294,3036.1861,26.7649,19.0536,35.8011,1.4011,1.0548,1.765,256.4064,196.2594,358.3158,917.9074,753.3717,1118.5385,2.0398,1.4715,2.7722,1.4968,1.1737,1.9718,23.4793,16.8778,31.6478,1.5159,1.1618,1.9592,236.9845,185.7841,297.1388,35.5067,25.521,50.0687,28.6452,18.7835,42.1867,18.5374,9.4268,28.1611
GTM,Guatemala,,2897.2641,2316.2315,3633.5319,74.2143,57.5734,98.3191,57.1839,44.3618,72.5107,538.832,412.7775,705.6817,103.2379,61.1757,171.5203,3025.0625,2584.9865,3703.0083,399.2986,289.2227,577.1406,517.8243,329.9086,1204.4881,33.3465,19.8281,66.1192,14.1439,8.3497,27.4223,3684.3525,2406.0303,5337.4817,43.88,32.6528,58.7552,2.1917,1.6475,2.8631,264.2177,174.8785,800.7664,1641.4737,916.6456,2480.4574,2.6771,1.6597,4.5471,1.8156,1.2249,2.8345,24.7931,15.6441,40.2567,2.9848,2.1866,4.0172,633.116,462.9416,848.2104,16.5821,13.632,20.0746,19.1245,16.0955,24.6016,21.8827,17.8503,26.841
GNB,Guinea-Bissau,,2884.3787,2200.0496,3808.1407,54.1506,38.1971,74.2989,74.5098,63.1429,88.0493,486.723,338.8581,674.1237,71.3285,58.9488,98.9275,790.5192,351.0223,1331.6033,264.3805,178.4267,571.0795,285.8708,207.4704,411.0106,18.7452,12.4688,28.2181,10.3443,7.1053,16.4915,2143.1995,1623.0332,2960.5015,21.6383,14.8567,33.9902,1.7318,1.2049,2.5635,118.7738,97.2078,148.1699,1263.9254,850.2428,2243.3668,1.3576,0.97386,2.8801,0.84034,0.60514,1.2173,14.8758,7.9739,37.871,1.8338,1.2052,3.6759,538.5645,380.2141,1108.8062,22.9756,18.9583,29.1433,21.9055,18.1735,26.3475,13.755,10.2019,17.5538
GIN,Guinea,,2967.0966,2328.8004,3848.2444,56.4269,41.5943,76.757,62.2529,52.3214,74.8888,539.3247,396.7949,736.6692,153.7319,113.8403,283.2998,958.9119,116.2366,1671.861,320.5463,220.8215,479.9096,351.2034,274.3757,477.2157,19.2654,12.2864,29.3691,9.6644,6.6222,15.4369,2804.2166,2214.1784,3674.4793,27.5286,20.61,39.2703,1.8798,1.3121,2.7367,133.5871,112.2512,157.3405,1133.5636,775.7587,2112.5446,1.4112,0.95075,2.9377,0.92768,0.67646,1.2951,17.9569,10.7468,42.8163,1.9662,1.3727,3.7863,435.0754,307.9078,1001.1122,19.8908,16.8086,23.5925,23.1102,19.516,26.8417,13.2704,10.9936,16.1755
GUY,Guyana,,2932.0365,2220.2776,3829.5321,87.3582,64.9282,113.3649,48.4729,33.9834,67.5256,532.8076,385.4033,720.2259,119.8132,63.0328,395.6977,411.465,210.4275,846.5739,301.6632,224.8708,420.2015,569.0538,307.3986,1087.9947,31.0963,17.3941,67.4952,12.765,6.7401,20.5019,3831.5031,2521.6264,5438.9839,31.3588,23.6897,40.4414,1.9085,1.4398,2.4377,378.3457,246.2639,1346.6114,1575.1602,1015.829,2735.521,2.9955,1.7996,6.0507,2.1088,1.327,16.8817,32.5255,20.335,54.9767,1.8879,1.4226,2.455,291.4397,225.3188,371.6942,27.9737,20.6758,37.8037,9.9016,7.2302,19.7342,7.0973,5.6046,9.017
HTI,Haiti,,2236.1914,1800.255,2804.7208,58.7912,43.3583,76.1535,44.8499,37.2609,54.5164,395.7861,303.2901,512.9494,109.9697,70.6374,217.509,1137.8738,438.2037,3971.3494,482.3261,325.5343,697.3071,337.791,230.1614,533.5216,23.3503,14.0802,39.2994,9.5955,6.0255,14.4302,4029.2466,3235.4432,5058.4464,32.1357,24.7902,42.315,1.7954,1.3775,2.3052,137.0987,101.5933,461.431,1157.4002,797.9309,1759.499,1.9397,1.3115,3.4169,1.0874,0.78595,1.5331,18.2401,12.1619,29.5998,1.6387,1.365,2.0113,304.2271,237.7962,392.7024,12.9102,10.8812,16.1665,13.9254,11.4516,16.801,13.8076,10.8025,17.9515
HND,Honduras,,2980.7944,2361.9096,3889.192,74.8843,55.3362,100.8214,70.188,54.8904,88.3905,530.5721,401.1447,724.7816,75.1438,43.6852,166.7815,4583.509,2920.7115,5682.1479,288.2694,208.932,405.4605,693.5888,301.8941,1469.0676,31.3395,17.7431,60.8077,12.6738,8.0215,21.0305,3450.2981,2165.1266,5080.398,36.773,26.3958,52.4202,1.8621,1.323,2.5936,395.8176,235.7595,1010.0765,1588.7422,887.0698,2499.6466,2.5289,1.5034,5.0239,1.7794,1.168,4.1591,25.2646,15.991,41.744,2.7941,2.0031,3.8859,560.5885,401.4392,800.2698,30.5716,24.3641,38.1252,24.0746,19.7244,31.0469,14.9672,11.7721,19.0592
HUN,Hungary,,3321.0264,2801.3586,3950.2665,81.0364,65.0969,99.3303,161.2017,141.5143,177.6445,385.54,283.1706,516.7692,84.3056,59.7963,122.8369,608.1717,499.4173,879.8293,236.0853,191.0581,290.2262,670.1419,523.593,871.8264,9.8028,7.5647,12.5368,8.6582,7.1806,12.2337,2339.0186,1879.9058,2904.6156,20.3469,15.8349,26.007,1.2315,0.94902,1.579,498.3152,352.8844,796.9451,1211.7447,981.7426,1473.5636,1.3727,1.0985,1.7102,1.5813,0.99899,2.3982,14.5151,11.2476,19.7871,1.4251,1.1392,1.7616,226.1047,173.0276,285.9138,54.2493,44.7406,65.5119,64.6214,55.3558,73.5167,31.6988,25.8005,38.0635
ISL,Iceland,,3191.2413,2956.582,3468.3424,117.1204,107.4158,127.8773,130.4433,112.6208,149.2926,393.6902,350.4078,439.9563,98.4736,74.0547,285.6893,1589.4661,1291.1673,3198.3783,266.4005,228.3836,326.1069,1055.0517,843.5579,1335.7634,14.3735,11.771,23.7413,13.7833,12.1811,16.3449,3332.9848,2840.7286,4224.2892,20.8614,18.4898,23.5893,1.8203,1.4848,3.3482,1082.333,720.0829,1526.9892,1829.9248,1605.4679,2091.2305,1.577,1.2279,1.9748,2.5186,1.5724,3.6462,24.8249,19.2306,35.1295,2.1777,1.7434,2.7096,335.4608,281.2223,388.6961,55.1168,45.1627,70.178,44.4017,35.1269,53.3834,19.8527,11.9629,24.3551
IND,India,,2949.1209,2282.9416,3864.8294,78.7817,60.2796,103.5,52.6873,46.2619,60.4605,537.894,397.2009,737.006,109.9659,60.7963,236.4184,304.8342,216.516,570.9643,342.4733,291.8779,406.5846,913.2689,644.0593,1401.3187,25.5781,17.0571,40.3997,13.401,9.6404,18.8614,2454.4176,2027.9013,4056.1661,11.8641,8.6211,16.5907,2.2994,1.0188,4.3887,263.4099,190.1898,470.1925,1881.2912,1416.5061,2530.7194,0.22228,0.13354,0.52166,0.11839,0.076665,0.40112,21.2335,14.4567,30.8501,18.4216,16.0458,21.0359,856.514,628.5354,1185.6884,20.6068,18.4113,24.9829,16.8448,14.1293,20.8434,13.3753,10.3896,16.8402
IDN,Indonesia,,3335.8234,2396.1938,4474.4266,70.7476,51.7538,95.9897,62.2441,54.3205,73.6846,617.6927,417.3474,866.3312,126.0207,104.7429,384.7818,188.9942,133.4306,360.5198,260.8751,218.5295,313.2402,278.1746,193.9009,374.9007,17.212,11.7127,31.8417,7.4947,5.1923,10.6489,1735.72,1445.7535,2641.9977,21.4366,16.5967,46.372,1.6003,1.2367,2.1104,196.4061,119.0118,345.838,1063.4046,700.8327,2085.8253,1.6258,0.87886,3.424,1.1699,0.84811,1.7076,23.0605,14.6812,44.3486,1.729,1.318,2.3316,293.5626,228.3233,373.7955,27.9359,25.0721,32.9075,15.9202,13.5046,18.5702,9.5968,6.7156,11.3055
IRN,Iran (Islamic Republic of),,3861.3753,3085.3525,4892.6509,119.2792,93.0747,154.8997,85.7055,70.5224,101.7848,691.6518,538.4015,918.7676,125.7372,92.8829,207.1164,579.4104,416.4002,1030.6664,572.5594,454.2049,722.5046,688.795,569.9567,896.5573,31.5538,22.7384,43.4502,20.2407,15.2122,26.8937,4997.1774,4205.2254,5943.2266,80.4593,61.6179,107.54,3.6885,2.8399,4.745,334.1218,231.1169,485.7364,2677.3308,2063.3766,3559.0005,3.8359,2.7304,5.3449,2.1115,1.6013,3.0487,39.0286,29.4478,53.1595,3.8605,3.054,4.9703,963.1871,720.123,1292.8867,24.4243,19.3884,39.6358,26.8941,18.8138,34.8303,25.217,15.7157,31.2328
IRQ,Iraq,,3249.7277,2366.8159,4528.6091,93.8148,63.6986,136.4166,70.6004,59.5777,83.3964,593.8172,408.1899,861.2873,64.8279,38.2433,133.0737,219.9456,137.0148,351.0917,385.8872,274.3888,519.3331,349.8754,262.7482,462.2527,26.4679,17.0209,38.6489,16.7378,11.1317,24.8086,3264.6593,2341.7618,4395.8791,68.5805,45.4404,99.8731,2.847,1.9141,4.0687,141.5391,110.8657,188.5832,2176.1407,1433.7273,3198.5083,3.2856,2.0625,5.0032,1.4466,1.0106,2.0162,33.1811,21.4951,47.7653,2.8534,1.9442,4.0169,797.2814,519.4624,1181.0265,20.6823,16.7138,27.7973,23.2736,18.8189,28.2595,19.8061,15.1731,24.7225
IRL,Ireland,,4468.9876,3788.456,5251.9143,148.2558,126.0694,173.8193,189.8572,160.4802,220.448,549.1291,405.8575,709.5754,163.8337,108.028,266.7034,1394.8939,1035.5227,1942.7762,450.3873,372.5224,543.365,2145.0116,1619.3544,2909.2531,16.3605,12.8427,33.1069,18.5166,15.7352,21.9136,4526.896,3536.3597,6728.6318,33.3519,26.6407,40.8492,2.4514,1.7744,3.2992,1444.178,984.5645,2730.4174,2664.7219,2154.2435,3318.9003,2.2777,1.6725,3.076,3.1934,2.2151,5.5131,26.4649,19.2455,32.8582,2.5883,2.0335,3.2202,466.5144,353.9325,597.7272,82.737,67.5262,99.4058,66.5053,54.5651,81.7551,24.3285,19.0691,30.5418
ISR,Israel,,4023.4125,3603.5478,4528.7857,116.4857,103.1467,131.3687,159.8422,127.9908,194.1759,536.6305,468.3473,614.5715,150.722,111.3386,201.6194,879.5166,731.1964,1228.9517,441.5958,388.3282,503.1352,838.225,678.4332,1016.9977,16.7068,13.9549,20.3011,13.2478,12.0153,14.799,3663.3342,3183.764,4275.4784,34.5862,30.6989,39.4329,2.2341,1.8988,2.8987,642.7064,498.0518,977.5659,1738.4169,1545.2019,1964.1511,1.697,1.4079,2.0471,2.0167,1.3917,2.7592,24.627,20.6831,30.0142,2.3547,1.9678,2.8243,403.4437,355.7274,456.7144,47.5573,35.4158,77.4311,62.5672,44.0769,79.9334,38.2935,22.5981,50.7758
ITA,Italy,,4087.913,3639.0376,4596.5966,114.4559,102.5732,129.5261,180.6666,160.5749,204.6336,502.4774,415.0392,611.6311,144.8119,113.3737,172.3579,838.5348,671.3475,1105.7612,393.0452,345.4257,442.828,973.8223,821.3716,1157.538,15.1019,12.7896,24.5912,12.9123,11.5198,16.6086,3694.0258,3152.4038,4332.2431,31.5011,27.3314,35.8796,2.1388,1.7456,2.742,680.6873,562.8833,1050.0523,1749.3375,1526.881,1994.64,1.8957,1.6105,2.2226,2.2534,1.6438,2.967,23.3307,18.8333,27.0389,2.0595,1.7899,2.3387,343.5583,295.4287,393.1103,58.3711,51.7848,78.4983,75.765,64.4412,88.47,32.2301,21.2578,41.0112
JAM,Jamaica,,3003.8297,2635.2808,3385.8047,75.6116,64.3833,86.6062,89.266,65.5926,107.2633,483.6025,420.0287,554.9579,137.7055,110.37,468.1413,727.1331,594.9398,1029.2502,277.8143,241.8454,351.1181,526.1382,465.4136,590.3046,18.5528,14.8159,23.3291,8.1366,6.9798,9.8675,3470.355,3245.131,3732.6416,26.5041,23.3192,30.1242,1.6642,1.3992,2.2427,351.4831,302.964,424.8726,1165.7651,1033.3258,1299.8565,2.5844,2.0389,3.3095,1.9334,1.6036,2.2678,28.7797,23.1714,35.7214,1.9768,1.6565,2.343,285.3789,256.259,317.5519,38.9425,29.3085,55.0724,27.8457,12.9421,37.5389,15.7586,6.0724,19.9468
JPN,Japan,,2482.678,2217.2946,2775.9535,82.1217,74.0689,90.7762,86.1748,80.1732,92.7145,353.2772,295.7515,414.2479,86.9239,70.463,109.5531,639.9418,466.719,1141.2506,320.0912,283.1169,369.0737,565.2369,494.0171,685.4838,21.8422,18.129,27.1112,13.2866,10.9543,26.9571,2512.9181,2274.3323,2777.5258,20.8918,17.1062,24.505,1.8194,1.4924,2.6433,511.6718,371.9095,846.0424,1187.2366,1073.8474,1324.4714,1.1329,0.95549,1.3116,1.0894,0.89554,1.5047,17.8749,13.9476,23.1335,1.6147,1.4065,1.8871,292.877,263.8362,329.7174,25.4947,21.9792,35.7159,37.7566,32.5446,43.0111,22.242,15.8915,24.9068
JOR,Jordan,,3840.8953,3036.5259,4841.5548,111.0509,81.8069,145.9048,104.8675,85.4209,132.1857,646.1144,486.6061,862.5541,82.9207,67.7675,99.5952,369.4905,277.4072,605.6597,474.8589,374.2091,597.0008,545.7352,431.5654,714.0986,28.2946,20.3715,38.8468,19.2823,13.9905,26.3102,3760.8801,3031.364,4679.2646,67.7205,48.1588,94.2083,3.0984,2.266,4.2325,443.5154,351.7181,575.8846,2427.8654,1777.0215,3300.3279,3.333,2.3547,4.7565,1.8343,1.4459,2.3358,36.0205,25.5328,49.7306,3.2691,2.4672,4.3211,833.1987,597.1614,1160.5709,31.2972,23.4331,44.2953,38.3362,28.6625,50.134,27.0287,20.272,33.6993
KAZ,Kazakhstan,,3366.7758,2750.8364,4165.2866,102.7362,82.6351,126.2676,118.6406,99.2648,139.7256,473.1152,357.1997,629.12,110.4934,76.5989,168.6743,969.5465,705.5894,1427.4723,297.2221,234.3819,379.4022,1076.2616,748.4964,1543.0167,31.0066,21.4199,43.5026,20.1638,15.395,26.4714,3610.9431,2933.0983,4613.7553,28.9626,21.7406,37.115,1.7891,1.355,2.8328,758.8612,488.0713,1387.7806,1684.724,1363.448,2133.7082,1.6272,1.176,2.1622,1.8273,1.2512,2.9757,18.5857,14.8997,23.016,2.1047,1.6856,2.649,353.5271,273.8825,446.2844,38.8889,30.4766,49.0745,43.9557,36.0492,52.4928,25.495,20.6117,31.3932
KEN,Kenya,,2635.2516,1963.9321,3429.0715,72.2116,53.8195,94.6716,54.8847,43.8531,67.9607,442.559,317.1033,595.345,129.0155,90.2637,221.2802,1033.8533,291.3529,1837.832,428.1425,323.0623,558.7858,550.1621,390.9442,771.4135,22.5398,15.7695,30.6602,16.7946,11.8353,23.0416,3860.9324,3151.3112,4676.6567,44.6156,32.1312,61.9523,1.7904,1.278,2.6018,235.7361,173.8568,322.408,1517.7771,1107.4367,2001.2169,2.0792,1.4883,2.9306,1.4931,1.1375,1.9201,14.9235,11.3409,19.8416,2.3704,1.8084,3.2214,565.2229,401.7213,822.4085,21.5373,16.9168,27.4435,17.7764,14.5414,21.4755,10.8894,8.2355,13.7452
KIR,Kiribati,,*,*,*,*,*,*,*,*,*,*,*,*,*,*,*,*,*,*,*,*,*,*,*,*,*,*,*,*,*,*,*,*,*,*,*,*,*,*,*,*,*,*,*,*,*,*,*,*,*,*,*,*,*,*,*,*,*,*,*,*,*,*,*,*,*,*,*,*,*
KWT,Kuwait,,3931.2145,3075.9977,5102.2883,114.4071,85.4107,153.0978,115.2944,87.4151,166.3404,618.9775,452.0296,863.0216,107.9367,78.4162,1427.1431,434.5086,316.3166,938.2245,417.5381,327.873,524.5866,399.843,323.2129,488.6622,29.5322,19.9874,42.8243,18.5896,13.6515,25.1249,3656.7232,3031.5885,4490.566,56.0773,39.6003,79.1265,3.0197,2.2062,4.1822,400.1344,297.1432,574.7871,2147.0003,1576.3259,2881.7637,3.2095,2.0171,5.0501,1.7498,1.3283,2.2768,38.7752,27.3118,54.4243,3.3027,2.4557,4.3754,698.6797,506.0441,984.0583,35.2589,24.0961,51.6633,41.8509,26.3304,62.6996,31.6811,25.2597,38.0623
KGZ,Kyrgyzstan,,3153.6552,2514.2164,4096.2766,93.0751,73.9276,118.646,71.4472,58.888,85.5511,535.2133,403.4067,725.894,82.2456,55.7197,140.6694,930.3489,654.4243,1384.7456,320.4891,247.2654,421.5676,917.5115,657.6999,1280.7737,33.6172,23.9854,47.1293,19.8401,15.1234,26.3479,3155.7026,2532.4817,4046.1893,26.5829,20.5759,33.9698,1.6361,1.244,2.4133,588.3447,390.0989,1081.0584,1445.993,1159.417,1813.4603,1.4041,1.0343,1.8516,1.4783,1.0305,2.3606,16.5067,13.1017,20.7462,1.8416,1.4688,2.3516,306.3893,240.0528,395.4619,26.4917,20.5437,34.6849,22.7276,18.4759,27.5063,15.1321,12.5843,18.2964
LAO,Lao People's Democratic Republic,,3034.8744,2231.0318,4132.0026,70.864,52.3658,95.1781,35.9583,26.7859,50.1961,604.1689,428.1837,840.197,183.4966,133.1516,280.7224,313.3315,100.7073,844.3819,289.4479,194.6183,416.1018,366.66,223.5593,589.7859,14.7478,9.6243,32.0394,6.0079,3.5962,8.3061,1952.8488,1528.1254,3072.3891,20.3693,15.2973,52.0972,1.5622,1.1438,3.3085,211.9685,105.1599,395.2001,1100.5538,694.8884,2276.7282,1.6638,0.78584,3.613,0.97187,0.61795,1.4771,23.3185,13.9574,48.068,2.0766,1.6343,2.7849,322.4014,256.4441,410.2872,7.7999,5.959,10.2108,11.7648,9.3264,15.282,7.2966,5.8549,9.0311
LVA,Latvia,,3605.4678,3100.7032,4153.9591,99.5114,84.4357,115.9633,152.3167,131.3278,173.4734,464.3553,371.7683,574.9308,100.2567,73.9002,158.2274,1333.4071,1103.7223,1906.0089,309.1947,242.2786,387.4799,1051.5636,804.1618,1340.1836,14.0559,10.8348,18.079,12.8057,10.5834,15.6323,3611.7891,2886.4428,4438.5247,36.3184,26.6453,47.1326,1.8456,1.3817,2.9022,877.643,612.6715,1312.4609,1801.6827,1477.553,2167.086,1.8674,1.413,2.4567,2.1981,1.5522,3.022,21.5267,17.1652,26.4812,2.215,1.821,2.719,402.4384,301.9023,511.4266,57.5086,47.86,71.6483,57.9006,47.3565,69.2944,25.4116,17.5967,31.5782
LBN,Lebanon,,3570.0254,3154.3254,4066.3408,101.5443,87.1672,119.2102,108.6933,91.8772,127.6851,580.9083,498.91,681.7699,118.0914,95.782,146.307,481.1148,379.5032,706.774,486.9409,428.9983,556.3025,518.4708,452.6824,594.6194,24.7375,20.9627,29.6199,17.7818,14.9674,21.2269,4240.8823,3796.2108,4717.68,64.4722,53.7626,77.6525,3.1735,2.6676,3.8361,316.8311,256.4688,382.6947,2263.7683,1898.3826,2692.48,3.0179,2.4904,3.7002,1.7702,1.4548,2.3556,32.5039,27.1441,39.2737,3.2344,2.8017,3.7425,802.8054,672.395,964.9979,25.5501,20.8118,46.0212,39.932,30.4553,49.5473,32.3932,21.5665,40.833
LSO,Lesotho,,*,*,*,*,*,*,*,*,*,*,*,*,*,*,*,*,*,*,*,*,*,*,*,*,*,*,*,*,*,*,*,*,*,*,*,*,*,*,*,*,*,*,*,*,*,*,*,*,*,*,*,*,*,*,*,*,*,*,*,*,*,*,*,*,*,*,*,*,*
LBR,Liberia,,*,*,*,*,*,*,*,*,*,*,*,*,*,*,*,*,*,*,*,*,*,*,*,*,*,*,*,*,*,*,*,*,*,*,*,*,*,*,*,*,*,*,*,*,*,*,*,*,*,*,*,*,*,*,*,*,*,*,*,*,*,*,*,*,*,*,*,*,*
LBY,Libya,,2930.1593,2379.1893,3686.4756,56.9031,45.599,72.7629,74.4213,61.532,90.8316,505.0174,391.7889,674.3672,129.1188,112.0274,210.1716,487.3482,401.0495,727.3531,260.8618,232.8797,293.2479,440.3196,333.5086,615.4681,14.3347,9.2316,26.9508,8.4185,6.7121,10.8819,2614.8187,2355.1217,2944.6039,27.1954,22.6736,33.5556,1.6855,1.3739,2.1667,281.5048,210.347,423.3865,927.9616,754.0433,1179.8927,1.7853,1.1126,3.5536,1.2539,1.0368,1.5825,18,12.6498,28.27,1.621,1.3403,2.0244,293.5258,251.622,349.0293,33.1665,26.5614,41.9449,26.2736,21.3774,32.4714,9.9665,8.0445,12.1204
LTU,Lithuania,,4228.3966,3536.6421,5025.0291,146.0955,122.5547,172.0939,156.8463,133.3449,182.9379,562.0402,420.3149,741.8909,94.5491,66.4004,181.9887,1291.4575,968.6148,1830.1006,372.1742,291.6182,461.1952,1903.9162,1403.6835,2516.4303,15.2596,11.8796,19.4179,16.5724,13.8513,19.5822,4009.7452,3222.0691,5931.8176,35.8063,26.8256,47.5854,2.0663,1.4882,2.9153,1254.5734,895.0413,2408.4099,2565.462,2045.6694,3169.4383,2.3335,1.6594,3.0755,2.5962,1.8778,4.698,24.2325,18.3841,33.2298,2.5155,1.9751,3.1861,467.2935,343.0732,604.6652,66.2354,52.785,82.7241,54.0059,44.4987,65.2059,23.0659,16.2799,28.1005
LUX,Luxembourg,,3665.2512,3054.4691,4439.9095,111.1722,90.4363,136.6095,134.6792,108.8278,163.3619,506.3425,392.4272,653.3903,166.8021,109.3686,599.7476,996.3164,691.4955,1446.9111,346.5994,280.4415,431.1607,1112.2832,757.3702,1600.3105,14.772,11.6165,19.511,14.5423,11.2261,21.9375,3772.7275,2914.8697,4860.4033,30.7341,23.9907,39.3603,1.9236,1.4942,2.6133,1030.7206,605.8295,1902.4807,1801.6835,1424.3404,2316.8699,1.9735,1.5174,2.5028,2.3478,1.4576,3.9485,22.2771,17.2788,32.5113,2.1708,1.7435,2.8559,375.9895,292.8965,490.2365,49.0333,37.4865,63.8492,51.9973,41.1988,65.1567,21.405,15.8673,28.1196
MDG,Madagascar,,2666.6001,1970.3225,3743.6595,55.5438,39.8024,77.9794,25.3672,19.6158,36.3491,539.6465,386.7061,784.0269,141.3986,125.5126,219.7609,317.3707,134.2718,574.9682,310.1735,247.4249,462.7605,381.0353,306.4279,530.4385,14.7447,9.535,24.6526,10.2575,7.0596,17.8876,2701.7442,2244.2936,3640.5921,24.4793,18.3558,38.3007,1.7707,1.2168,2.7388,156.7974,129.1989,189.6582,1184.5176,785.3389,2313.2841,1.1802,0.78922,3.0467,0.91219,0.64705,1.3223,15.6627,8.4925,43.7699,1.9448,1.3706,4.2205,399.1472,270.1942,1071.0574,9.4708,7.5248,12.7815,8.3576,6.4439,10.9165,5.5971,3.5835,7.1715
MWI,Malawi,,3043.2827,2317.5705,4066.9355,75.5235,55.4824,102.4569,42.0446,33.337,54.1713,560.1774,417.2912,760.128,139.3176,129.6577,184.1256,775.8816,606.1739,979.2293,509.0492,370.0617,699.9303,308.0961,251.1129,380.6073,23.4803,17.0472,33.758,12.7688,9.032,17.9853,4864.1807,4092.3767,5858.9983,62.5069,45.2067,89.0908,2.1977,1.6734,2.934,132.8881,111.2446,163.2532,1642.7977,1188.5404,2311.1771,2.606,1.8037,3.7961,1.2848,1.0062,1.7765,20.1623,15.7202,26.2613,2.9093,2.2789,4.1537,727.7758,519.7201,1062.0899,8.7444,7.1359,11.7408,14.7279,11.7934,17.9764,15.9932,12.1984,20.9326
MYS,Malaysia,,3272.2735,2626.3929,4254.5315,84.5854,67.4817,107.9011,90.3669,70.1067,108.9329,533.0439,399.8412,737.6262,78.1814,55.7397,108.0176,303.7137,218.5345,560.3251,206.1533,170.5428,254.9365,279.8693,213.1386,375.1727,13.7037,9.7355,23.2409,7.4739,5.615,10.9056,1802.7671,1492.9529,2362.6,18.1152,13.5657,36.2485,1.5513,1.1647,2.1256,327.2697,234.5515,450.3458,1181.4423,872.4144,1910.7544,1.369,0.81325,2.4217,1.0563,0.81726,1.4036,22.1634,15.0182,34.6618,1.8023,1.4186,2.3684,264.7987,211.1415,348.5633,39.2759,30.9104,48.2227,28.2296,19.8415,36.3117,13.6942,9.8899,16.8448
MDV,Maldives,,3019.3537,2336.9604,3889.2781,122.8856,94.6841,162.5727,61.9708,43.7984,91.1062,504.1677,365.5858,682.4818,94.715,52.4548,441.5137,432.2019,255.6641,1860.8605,277.9285,201.3447,375.939,342.9255,244.1549,605.3428,21.9563,15.2086,32.6797,13.8685,10.1903,18.7986,3520.378,2765.065,4393.8983,43.4911,29.9237,60.3187,2.3127,1.6938,3.2509,402.7674,265.0789,681.7109,2054.3663,1543.6373,2741.078,2.6818,1.7434,4.2446,1.4712,1.0549,2.2897,41.3105,23.9096,73.952,3.2358,2.2921,4.7647,605.7671,438.6269,819.8558,24.5182,17.6018,32.6032,18.8261,10.4401,32.3814,11.8157,7.5014,19.0602
MLI,Mali,,3670.2585,2587.9006,5221.9501,99.4453,72.5079,138.2268,68.7571,55.8275,83.9564,641.9655,417.4288,957.1891,50.5275,42.8932,68.1883,657.1444,379.0515,981.9631,420.12,312.1483,573.0651,681.2441,482.3916,956.1857,34.7165,22.4781,51.7567,22.1765,15.0879,31.9158,3690.2657,2845.661,4937.2369,45.8568,30.16,68.5077,3.0448,1.9916,4.4567,320.6318,243.5973,420.6769,2402.6786,1656.2238,3575.7405,2.2678,1.5509,3.653,1.9056,1.4234,2.5355,20.7731,13.2754,38.492,3.1325,2.0948,4.9049,956.5526,602.049,1502.6083,22.3028,16.987,28.3722,21.1121,17.1255,25.7905,20.8891,14.9546,27.4906
MLT,Malta,,3670.1599,3120.7113,4400.1724,104.3517,87.3302,125.1215,105.7342,88.5628,125.292,577.8113,467.1781,725.1435,125.479,102.6038,194.2704,589.23,437.9741,917.5379,394.116,334.3292,463.6364,607.8395,496.7021,748.1084,15.1804,12.4473,21.5705,11.8208,9.5231,15.9969,3540.414,3093.9687,3976.5548,30.7317,25.7078,37.1185,2.0453,1.6437,2.6217,591.1038,441.1367,804.431,1507.2692,1285.0072,1758.6055,1.7298,1.4444,2.0767,1.7117,1.311,2.3237,23.7527,18.8263,29.3835,2.116,1.7946,2.5024,335.5648,284.9284,396.6919,34.9813,27.2866,44.1502,41.6832,32.5343,51.2132,20.4271,14.3072,27.0891
MRT,Mauritania,,3309.0938,2567.6126,4368.2125,90.0415,67.5523,120.4021,80.3953,65.2666,97.4693,545.0337,394.4085,752.4994,25.1505,20.1999,31.8383,893.2327,157.5471,1616.3889,336.8977,220.5027,528.4534,685.5818,441.9466,1058.8718,36.5286,24.3257,52.7394,28.9584,19.9499,41.5161,2625.4981,2020.2923,3438.5423,27.7612,18.9658,39.9754,1.972,1.3549,2.8526,250.3321,172.3754,358.5567,1670.6949,1213.887,2400.2048,1.9993,1.3729,3.0217,1.6703,1.2102,2.3176,17.2172,11.468,28.7741,1.9454,1.3715,2.9989,600.1166,410.5615,935.7078,33.29,25.0669,50.4196,22.8354,17.09,29.6408,15.5704,7.1596,20.2964
MUS,Mauritius,,3188.8805,2431.7353,4197.4087,86.8363,67.7916,115.9446,76.7136,58.7097,95.3434,526.4039,370.225,740.7022,65.0014,42.1037,101.0237,348.1942,200.0902,553.318,323.7422,241.1878,437.6397,288.1362,218.5538,398.5203,18.9578,13.6954,26.6943,13.2145,9.4924,18.7174,2504.2383,1963.2965,3213.4813,28.6139,20.6036,39.0199,1.8455,1.3357,2.5217,182.308,142.55,230.2586,1342.9354,985.8381,2015.1206,1.8944,1.2932,3.0529,1.1072,0.85694,1.4377,22.8986,15.203,38.2015,2.2743,1.6612,3.5577,477.0854,334.9188,849.7087,20.6428,13.9343,53.2617,27.861,14.3253,42.8297,27.4846,10.3192,38.7693
MEX,Mexico,,3515.6896,2808.2126,4484.5551,101.1136,80.5465,130.2258,84.4659,67.9361,103.8621,618.6965,462.3528,831.1422,143.5297,94.4146,237.2276,1418.8344,742.4106,2360.9134,399.6359,336.775,487.1029,735.9995,365.3315,1571.866,54.991,36.1451,94.1441,38.6665,24.0684,57.701,4311.1246,3048.2067,5726.5997,49.7921,36.1813,67.4909,2.5486,1.887,3.4637,473.4665,354.3548,1062.4918,2144.6445,1195.1696,3207.5483,5.2321,3.3653,8.0357,3.6459,2.4963,5.7396,45.0759,30.8361,72.9673,4.0683,3.0204,5.459,763.2771,543.9068,1059.4373,28.9298,25.9104,33.1818,29.3875,25.4718,37.054,26.3305,22.0026,32.5491
MNG,Mongolia,,2452.2673,1903.1113,3277.7894,83.7164,60.9043,113.3807,74.8709,57.8126,95.7524,367.5859,262.4701,539.4803,68.1838,57.8863,82.1736,1694.5959,365.6923,3874.9786,198.4973,149.1949,263.9592,657.9993,437.9406,928.3873,46.4801,29.4412,68.5113,27.5211,17.9783,39.6731,2063.4883,1648.2741,2657.1271,17.5144,12.8588,24.2056,1.3217,0.92163,2.2077,429.6026,258.2652,661.0388,1147.6509,869.4151,1493.0412,1.43,1.0311,2.0613,1.2203,0.89158,1.6841,15.7958,11.1449,22.0755,1.091,0.85476,1.3796,218.4531,168.598,282.2472,26.1324,16.7036,39.3248,24.6757,17.6037,36.419,13.7577,8.7991,18.699
MNE,Montenegro,,3740.1121,3131.7674,4505.5358,111.0105,91.8233,135.0935,125.7916,104.8637,148.5336,548.0122,427.5455,712.8022,264.5823,170.5112,430.8004,773.7753,521.4337,1632.8929,446.4072,318.8057,634.256,1256.8333,899.1363,1778.4294,13.9574,11.3233,17.7085,12.4222,10.2462,17.6368,4074.0232,3223.8112,5170.3851,36.4271,28.2728,44.3549,1.9322,1.5225,4.7153,935.9982,587.2052,1510.2746,1774.1836,1428.65,2226.6434,2.0338,1.6106,2.5327,2.5088,1.4664,4.1598,19.2522,15.6319,26.5758,2.4327,1.9543,3.0174,379.9294,298.3299,493.5784,43.2751,34.3769,54.0423,47.3874,38.9292,57.2324,23.6871,19.0367,29.968
MAR,Morocco,,4144.934,3137.9866,5736.8224,113.4244,83.5819,157.1008,69.3512,55.7508,86.5697,773.0278,560.5916,1101.4431,98.4658,60.1881,151.6922,484.682,312.2936,823.8578,460.8746,346.798,601.7693,478.4844,368.1318,623.1088,40.0613,27.8818,59.2298,13.4596,9.9876,18.6046,3466.6722,2736.8591,4382.969,60.7153,44.0388,85.5792,2.659,1.9454,3.6152,313.5789,237.7547,462.2513,1744.1525,1288.4575,2362.3013,4.4055,2.955,6.6941,2.867,2.045,4.0478,43.6419,30.659,62.6453,2.2536,1.763,2.9139,536.5339,382.8187,751.5738,19.1838,13.8629,34.843,23.9812,16.552,32.6881,19.0646,10.0796,24.9125
MOZ,Mozambique,,2962.9882,2427.0219,3687.8463,62.5435,48.5492,81.501,47.5553,38.9397,56.2728,549.5401,446.9541,696.3745,202.7208,195.0348,207.4858,420.9664,63.5224,803.4951,473.9464,368.52,600.3824,423.9186,364.3373,489.3957,22.9162,15.6439,31.7992,11.1018,8.5199,14.9112,3828.223,3411.5598,4375.1847,44.5143,34.7616,58.029,2.1621,1.7551,2.8103,163.6001,148.717,189.2828,1384.9294,1066.7318,1861.3398,1.869,1.3566,2.6649,0.93527,0.7559,1.2002,15.2391,11.7141,22.2554,2.1299,1.6565,2.9308,623.6441,478.4774,889.8739,12.788,10.7234,16.6304,15.1632,12.7957,17.9215,14.4031,11.196,17.7411
MMR,Myanmar,,*,*,*,*,*,*,*,*,*,*,*,*,*,*,*,*,*,*,*,*,*,*,*,*,*,*,*,*,*,*,*,*,*,*,*,*,*,*,*,*,*,*,*,*,*,*,*,*,*,*,*,*,*,*,*,*,*,*,*,*,*,*,*,*,*,*,*,*,*
NAM,Namibia,,2824.0121,2404.4573,3475.2024,70.9685,56.874,90.1865,95.3737,85.6655,107.166,400.0525,319.2377,527.4561,87.8884,74.936,106.5518,318.1296,138.9358,630.0449,306.9584,169.8855,1281.232,407.526,297.4554,548.0411,25.5649,18.6687,36.2488,10.9145,8.4405,14.4768,2836.7971,2432.8462,3367.013,31.517,21.423,50.8155,1.98,1.403,2.86,245.6372,200.9127,299.7133,1602.6775,1336.0462,1963.5509,2.091,1.7109,2.6411,1.3824,1.1334,1.7163,16.9159,13.5431,21.0974,2.0916,1.4314,2.8592,820.1843,686.8705,1009.7016,16.3154,12.6208,20.8596,18.4415,14.6522,23.253,14.7915,11.4251,18.9263
NPL,Nepal,,3240.6507,2237.2668,4445.1604,88.699,61.4084,119.6456,54.0503,45.0594,64.194,622.4822,402.1401,884.5978,118.1716,97.3215,157.1611,650.201,216.585,1166.0301,445.8249,338.1064,559.4104,612.5396,486.5714,780.0248,30.1801,20.5542,41.9048,16.8331,11.4636,23.327,3478.3778,2788.065,4196.3927,56.4084,37.3688,78.4616,2.9215,1.9509,4.0244,200.104,156.9514,258.093,1841.9078,1254.9057,2468.1731,2.0345,1.362,2.8184,1.1433,0.87272,1.5375,30.9026,19.6654,46.8464,3.3609,2.3276,4.6058,716.1999,492.6411,991.922,17.2476,14.0689,28.4584,18.5953,13.7236,24.3937,17.9617,10.4569,24.6096
NDA,Netherlands Antilles,,*,*,*,*,*,*,*,*,*,*,*,*,*,*,*,*,*,*,*,*,*,*,*,*,*,*,*,*,*,*,*,*,*,*,*,*,*,*,*,*,*,*,*,*,*,*,*,*,*,*,*,*,*,*,*,*,*,*,*,*,*,*,*,*,*,*,*,*,*
NLD,Netherlands,,3896.8077,3603.9457,4238.4882,132.7932,123.1536,142.4854,168.9362,153.7515,183.388,467.9367,410.2782,544.3818,139.058,101.1246,301.3186,1215.007,883.2213,1616.3301,356.3764,300.5549,414.6898,2134.1644,1661.392,2627.8445,14.6336,12.553,27.2358,16.9116,15.6217,18.5372,4336.9987,3539.2539,6274.7427,31.2469,27.3441,35.5549,2.1535,1.6708,2.6934,1261.1224,1031.0739,2449.8596,2468.5012,2121.3357,2964.2706,1.9507,1.5101,2.59,3.0879,2.2232,5.2458,23.7203,18.1271,28.1497,2.5069,2.0354,3.0336,452.4457,348.4684,542.9437,75.6856,65.3908,89.0843,56.9696,50.1276,63.8162,22.5873,15.8139,25.9669
NCL,New Caledonia,,428.1308,418.11,442.1563,6.0134,5.8717,6.855,3.1566,3.1345,3.1958,95.0168,93.7311,98.0085,14.1169,12.2205,14.4439,106.4653,106.4653,106.4653,38.5102,35.8945,39.8313,43.4941,34.9505,54.7036,1.4442,1.2012,1.7201,0.79535,0.74911,1.4521,710.2169,673.9843,751.6445,3.071,2.8094,3.5287,0.19843,0.1829,0.22638,67.1469,57.5449,82.89,129.8314,125.2539,156.4096,0.12284,0.11531,0.12977,0.19956,0.1966,0.33838,1.0544,1.0275,1.996,0.32353,0.30096,0.47044,31.9815,29.2537,39.6812,1.0223,1.0215,1.0313,1.1605,1.1599,1.1676,0.66511,0.66324,0.68471
NZL,New Zealand,,4124.518,3805.2007,4479.1025,139.3872,129.4442,150.8195,178.2475,156.469,201.0365,492.6816,438.1089,566.243,119.4792,97.2626,147.4082,1633.26,1298.3506,2171.485,405.0158,355.356,459.1219,1997.1274,1594.7601,2518.1319,16.2703,13.9373,20.9596,17.6881,16.3631,19.2403,3801.8044,3317.0265,5812.052,27.8576,24.815,30.8773,2.2078,1.7461,3.2365,1230.3303,998.1405,2362.2619,2406.2422,2099.7448,2877.3841,1.9172,1.5245,2.5794,2.9829,2.1008,4.95,22.8372,19.5099,26.7085,2.4061,1.9616,2.8819,438.8909,347.9564,513.9023,82.7541,70.7403,96.069,60.4467,49.9659,70.343,20.3844,15.9305,24.1587
NIC,Nicaragua,,3018.7744,2347.3598,3842.9576,82.7212,60.3142,107.9877,63.0714,49.2589,80.1859,546.3052,403.0242,720.9536,58.7775,34.2549,123.4632,2549.5462,1946.2121,3240.5973,397.2288,257.4429,629.2301,767.3997,284.3011,1448.2866,30.5783,17.0028,58.1406,13.8533,8.7872,20.7565,3501.4325,2205.6853,4981.2303,39.6339,27.2051,54.3358,2.0916,1.4795,3.0062,439.3601,258.0929,949.9048,1692.6926,952.0247,2618.5279,2.3126,1.4257,4.92,1.6608,1.0326,4.5194,24.5645,14.4532,43.3552,2.5455,1.8293,3.447,555.1571,394.6454,743.861,23.463,18.4993,30.233,20.3727,16.8879,26.0549,18.1882,14.6258,22.3319
NER,Niger,,3711.3465,2721.2445,5149.3604,110.6624,84.4856,145.2672,73.442,58.817,91.3341,624.3787,422.7989,907.9872,63.2033,43.9901,124.5216,562.4737,280.8474,881.9156,811.5974,597.3464,1077.7338,781.2058,602.9501,981.6367,56.671,39.49,82.3314,28.4081,20.4532,39.0122,4451.962,3465.616,5642.6026,60.1279,43.319,82.5004,5.1827,3.743,7.0005,305.9084,237.0059,385.78,2705.5561,1981.5135,3829.932,2.7613,2.0946,3.6505,2.0094,1.5377,2.5952,22.088,16.8413,29.1633,3.729,2.7023,5.209,1284.2631,913.0185,1811.3597,22.4655,18.0709,27.138,25.5723,20.3505,31.5786,25.0795,19.0087,33.6285
NGA,Nigeria,,3459.9541,2748.9016,4439.3122,81.4448,62.8584,107.4958,64.5043,54.4597,75.9219,612.4449,479.1521,810.7696,222.5574,176.1952,342.2665,1330.2902,606.3575,2110.9742,592.0575,463.4766,766.1507,563.2029,383.7255,871.3339,33.0414,24.5242,45.0591,20.0336,14.836,27.5503,5821.6905,5102.2346,6681.4568,59.7786,48.1968,74.7644,3.1807,2.5507,4.051,194.3938,167.4555,231.5223,1872.3987,1428.0917,2557.9609,3.0557,2.039,4.1032,1.6941,1.2833,2.3154,23.4405,17.4867,33.4073,3.5053,2.8085,4.6229,843.9749,621.5156,1185.1645,23.5543,19.0861,28.7435,20.8389,17.4695,24.7182,15.6311,12.2525,19.2481
NOR,Norway,,3612.4695,3110.4019,4241.907,109.0184,93.6575,128.1917,148.7997,135.6138,162.6518,467.6801,361.4471,588.3739,109.5292,79.1371,147.8061,911.0366,743.4023,1280.399,313.889,262.3773,373.0126,1077.3189,841.2247,1356.2614,13.2225,10.5928,16.4709,13.0245,11.1654,15.612,3349.3299,2751.6192,4222.845,33.0642,26.0602,41.5703,1.8002,1.4263,2.2475,833.0774,592.5537,1317.8346,1795.6609,1490.4705,2143.7177,1.764,1.3371,2.2387,2.0474,1.4034,2.989,19.1191,15.7785,23.3829,1.9285,1.5953,2.2954,356.2515,280.4301,448.4911,53.8315,45.8181,69.6231,56.4685,48.9905,64.0059,26.9253,17.6866,31.4846
PSE,Occupied Palestinian Territory,,5331.4232,4144.1977,6579.2531,193.0231,147.6141,242.7684,171.8686,137.6708,214.2654,804.0352,589.874,1084.7803,344.3606,192.724,584.6038,1241.0495,794.8029,2050.9479,804.8657,584.4157,1067.3195,2245.6648,1547.4805,3163.175,41.4312,30.0777,57.3705,31.9662,23.4065,41.9214,8862.4909,6437.0281,11732.3657,103.3377,69.3418,141.7494,5.2301,3.7062,7.5984,1068.8524,731.7441,1616.8704,4520.3399,3366.0425,5780.6629,5.1278,3.7254,6.826,5.5393,4.0359,7.6789,47.7957,34.2539,64.6723,5.7101,4.2481,7.3044,1398.3377,967.8594,1935.0863,62.4881,44.747,85.5587,60.4352,48.2037,74.1732,33.1669,27.3052,40.0829
PAK,Pakistan,,3068.5551,2377.7775,4045.7865,89.3449,66.6332,122.0593,81.6151,71.9518,93.1108,522.7076,367.8413,732.563,50.9334,38.3312,216.4873,890.1088,683.64,1211.303,350.543,266.9237,452.161,1112.1403,937.2362,1325.8906,28.2401,19.0052,41.1556,15.2641,10.7282,21.2884,3179.4089,2500.4649,4103.1208,52.8555,34.2533,78.2388,2.4305,1.6623,3.4066,401.388,314.3448,534.1332,2305.9648,1677.3591,3165.8891,2.1662,1.459,3.1304,1.433,1.1755,1.7769,25.3518,16.4829,37.8325,2.4635,1.6852,3.5201,782.4908,537.9694,1120.577,39.8741,34.6243,46.4228,26.9628,23.21,31.173,15.6253,12.6427,19.2716
PAN,Panama,,2826.7987,2254.8722,3645.3952,88.4272,67.7976,115.1852,72.4954,57.8054,93.7002,455.4399,340.0196,626.5276,64.4191,40.1005,176.7939,1511.8069,1285.7262,7555.8494,249.4859,185.0796,495.4904,480.6917,259.6807,851.4953,32.2466,19.2975,65.5075,15.2741,9.1131,31.6072,3220.3076,2253.2146,4370.842,26.4224,19.7402,35.6505,1.8422,1.3669,9.3838,433.4655,283.4298,1071.944,1506.4125,988.5864,2417.1029,2.5024,1.5636,4.2776,2.1703,1.3128,4.2272,30.5013,19.3202,49.8677,2.1569,1.6202,3.0037,348.1935,265.5161,458.3611,22.8495,17.8692,35.4406,21.8306,17.5181,31.3499,21.2654,17.5043,26.1932
PRY,Paraguay,,2695.933,2252.0573,3211.5279,75.932,59.3201,97.2193,87.8895,73.2686,107.7686,391.1011,300.4016,492.7989,199.3552,131.6372,279.973,702.5602,370.5101,1995.606,407.3233,329.0504,520.3049,680.6095,372.5565,1135.6222,29.8081,18.1071,57.9469,14.4269,9.7507,33.3886,4895.6408,4003.6169,5886.0447,24.4331,19.6384,30.6618,1.4841,1.2011,3.0485,420.3137,268.1831,873.4204,1517.1966,1032.1082,2191.0557,2.3755,1.5885,4.2963,1.669,1.1413,3.3362,19.3506,14.0602,59.5043,1.5112,1.2559,1.8052,288.0214,241.6816,350.1459,26.9176,21.5494,34.0339,28.0663,23.3722,34.9009,28.5968,23.3149,35.5692
PER,Peru,,2650.3208,2086.6205,3363.2869,80.4146,62.7301,103.3237,46.0987,37.6861,57.3951,477.9641,358.7807,624.0794,134.9511,91.7701,213.2542,1159.5637,578.5496,1965.2438,380.4776,298.6964,490.072,594.869,351.9321,962.9209,34.1036,22.5137,57.3315,16.3624,8.3312,28.1239,4093.4967,2996.9669,5358.866,32.223,24.8504,40.185,1.9468,1.5124,2.6167,362.2098,254.607,1202.4477,1593.5623,1099.353,2517.469,2.6596,1.756,5.7938,2.1039,1.4579,3.506,29.1365,19.9931,45.6244,1.988,1.5549,2.4708,336.9443,270.4006,409.5351,15.3962,12.7408,19.0358,12.9614,10.9917,16.6759,12.2852,10.0538,14.8991
PHL,Philippines,,3117.6981,2358.9583,4143.9041,72.6066,55.8319,96.8236,58.5103,48.7174,73.8158,573.3646,404.0382,800.1132,120.1054,87.5147,1138.5939,731.4153,620.8383,1516.8128,218.3423,181.2171,267.6034,242.5586,167.7995,386.8963,24.9618,16.5194,40.2936,6.0691,4.2345,8.1435,2067.6455,1735.5301,2811.6138,21.0104,15.7592,43.4784,1.4679,1.1391,1.9217,223.4669,147.3093,363.7672,1057.7504,700.6271,1878.7279,1.5052,0.82356,3.0039,1.0424,0.73786,1.4798,23.651,15.1891,40.9694,2.001,1.5762,2.6333,279.0108,221.7975,352.9766,24.0662,21.1366,29.4047,17.9938,14.3134,23.4417,7.6403,6.1015,9.4665
POL,Poland,,3882.2793,3259.0863,4732.1058,109.4516,91.4341,134.012,143.1837,129.4159,158.9202,548.037,412.5947,727.334,123.7986,88.5599,178.2157,1106.8583,887.8782,2393.4022,364.5071,288.704,479.2441,1052.4467,818.9569,1302.844,15.9497,12.4173,26.6967,13.7556,11.3622,16.8498,4163.5563,3382.6067,4980.9029,43.9215,32.7524,59.0699,2.0794,1.5846,4.5548,687.9428,531.155,1147.2983,1993.1143,1630.377,2443.2497,2.1303,1.6565,2.6639,2.4088,1.5516,3.3297,23.3392,18.9552,29.5754,2.3334,1.9253,2.8875,444.1582,342.7085,575.1971,57.8885,50.3873,65.7381,53.9095,47.449,60.2491,20.2081,16.7186,23.4838
PRT,Portugal,,3807.2971,3264.3713,4511.0874,110.667,95.3069,131.408,167.6107,143.5656,191.1077,465.1188,365.2427,605.0102,149.3324,112.7519,209.1327,1149.4863,901.7797,1875.292,391.3448,324.1722,473.9129,894.1559,699.977,1167.6905,15.1432,12.1875,19.0989,12.642,10.5643,16.4451,3967.1078,3339.8596,4691.151,31.3291,25.8305,38.4636,1.9567,1.5511,2.7708,771.5105,557.8733,1088.8892,1704.1898,1451.3638,2006.2721,1.9619,1.559,2.471,2.0377,1.5346,2.7932,23.709,19.5568,29.0281,2.398,2.0196,2.849,355.6536,297.6717,424.6515,58.1526,49.0434,70.5804,70.4576,58.8098,82.3083,27.0966,20.2835,33.2738
KOR,Republic of Korea,,3374.257,3049.7025,3713.521,98.5879,89.8213,111.0453,103.0081,91.6162,114.9657,523.9721,454.8684,595.2134,175.6934,132.2822,296.7889,1096.3766,456.4315,2494.275,462.4892,362.2336,650.6737,647.0743,494.4802,1136.4835,31.2504,24.3648,47.9121,17.2328,14.3874,31.4369,3261.8979,2854.1196,3775.402,33.2919,25.7295,43.8576,2.4932,2.007,3.8251,532.2753,379.3822,895.1739,1386.4423,1216.8699,1572.1814,1.4535,1.2741,1.7344,1.3372,1.0288,2.0722,24.9864,19.0231,32.2759,2.3092,1.9793,3.1725,420.9718,340.8592,552.4803,33.0059,28.3041,57.5615,37.1223,28.6495,46.0109,28.009,15.0195,35.8203
MDA,Republic of Moldova,,3167.6049,2477.8571,4103.7725,76.8761,60.8382,98.1857,94.3723,79.354,110.1966,502.5761,348.6141,695.9034,73.4913,53.072,107.6351,607.3942,445.2977,908.0908,304.0061,228.5637,399.9368,698.497,520.4981,961.1763,15.4441,10.9657,21.2195,8.3571,6.6795,10.5089,2560.8107,2071.6538,3147.2017,23.4522,17.0774,31.5595,1.4886,1.122,2.0032,465.9692,321.6442,793.4343,1245.1694,1000.0091,1541.2855,1.3371,0.98278,1.7567,1.6547,1.1372,2.4812,18.7272,14.0335,24.9835,1.805,1.4605,2.2521,287.3528,222.8782,381.7446,29.3722,22.8155,36.7026,35.4299,29.1918,42.1798,22.2114,18.1701,26.9025
ROU,Romania,,3649.929,2919.7622,4613.6931,105.1327,82.9288,133.4252,119.4957,95.8918,145.2416,536.4687,400.7182,737.0969,147.6131,90.1467,256.0085,871.5347,566.2821,1440.9718,387.8366,293.9214,527.8652,1105.3663,705.9666,1721.092,13.5067,10.4457,16.9828,11.1888,8.9499,13.8989,3681.1353,2855.9052,4842.2532,30.0071,22.7097,39.4183,1.8156,1.373,3.4662,705.511,456.351,1279.1166,1705.2226,1330.8372,2251.6955,1.7179,1.3064,2.1997,2.1495,1.4676,3.3422,19.9012,15.6545,24.9173,2.2225,1.7187,2.8494,351.6628,276.1196,446.7337,40.02,29.0943,53.5733,45.0546,36.1095,55.9285,24.6104,20.4922,29.4911
RUS,Russian Federation,,3598.3366,3039.4438,4393.2176,102.059,85.4553,124.5221,111.4782,95.6382,127.9334,547.6222,429.4156,718.7236,98.7065,73.2438,141.4207,746.8896,566.7965,1214.7706,304.4575,247.4575,379.2225,805.1269,626.1301,1015.8771,14.1308,11.1085,18.0912,11.4409,9.6553,13.6935,3415.453,2868.1454,4013.2309,30.0361,23.3081,38.688,1.7435,1.3774,2.6174,613.8322,465.2017,943.5416,1597.2384,1314.2273,1911.8464,1.6044,1.2469,2.0197,1.7418,1.2417,2.3293,19.5591,15.8745,23.6724,2.0164,1.6654,2.4779,332.9641,267.0794,411.6711,36.3735,30.9586,42.299,43.1581,35.7569,50.3613,23.0256,19.2342,27.3306
RWA,Rwanda,,2363.63,1958.5155,2840.6849,61.8405,47.3315,84.1115,28.7081,23.9018,34.518,440.3855,367.2384,529.5019,242.149,199.1057,296.5053,786.6659,248.8698,1402.6427,736.9001,518.6315,1062.0143,454.2286,377.7598,554.9103,22.3122,17.3592,28.8909,12.7814,9.8751,16.854,6586.913,5271.2435,8230.6814,43.3663,34.9443,53.8069,2.2734,1.779,2.8774,182.2748,158.5282,210.7983,1378.7938,1075.4001,1801.4291,2.1405,1.616,2.8978,1.1718,0.99426,1.3807,14.7867,12.3088,18.1243,3.3311,2.6954,4.1364,626.9475,486.4803,808.1577,9.0469,7.5357,10.989,10.126,8.208,12.5485,7.0865,5.2616,9.368
KNA,Saint Kitts and Nevis,,,,,,,,,,,,,,,,,,,,,,,,,,,,,,,,,,,,,,,,,,,,,,,,,,,,,,,,,,,,,,,,,,,,,,
LCA,Saint Lucia,,2724.1833,2155.8511,3307.38,79.3787,59.9194,103.4196,72.4157,45.8249,116.3773,429.5234,343.9601,536.1603,70.486,42.5617,438.2207,246.8395,171.7576,549.8652,263.2374,200.0772,340.198,222.9534,176.788,285.2485,18.3435,13.1572,24.4609,7.9501,5.9991,10.2017,2114.5577,1723.177,2606.2107,19.4261,14.5821,24.729,1.2771,0.9516,1.6569,260.5702,193.6722,375.487,996.7248,770.7711,1263.8233,2.7517,1.9328,3.7227,1.8816,1.3965,2.3937,30.9918,21.7217,41.9514,1.5883,1.1891,2.2541,213.9253,170.5209,262.8968,31.5449,22.4291,48.6484,26.0852,13.5032,47.1683,9.0964,5.8675,14.0119
VCT,Saint Vincent and the Grenadines,,2946.5669,2366.8313,3743.5352,83.5056,63.3263,111.0485,79.2151,52.1053,123.3226,480.396,374.5931,614.3643,241.5412,101.6,640.4319,729.016,360.5436,3329.8159,464.8537,246.0332,996.4794,509.7981,276.4463,1547.7819,23.7519,16.0774,42.1854,9.8534,7.3688,15.3384,3975.8508,2859.3454,5883.283,34.8579,24.112,62.9325,2.0525,1.4201,3.5727,363.0683,231.9833,1031.221,1184.733,914.3064,1605.7785,2.8456,2.026,4.408,2.0296,1.4599,3.9013,31.5756,22.7503,47.4127,2.3496,1.6435,4.8023,388.8,260.9303,751.8775,28.6158,18.718,46.2275,27.8396,14.8601,49.8112,15.4728,8.942,21.9768
WSM,Samoa,,*,*,*,*,*,*,*,*,*,*,*,*,*,*,*,*,*,*,*,*,*,*,*,*,*,*,*,*,*,*,*,*,*,*,*,*,*,*,*,*,*,*,*,*,*,*,*,*,*,*,*,*,*,*,*,*,*,*,*,*,*,*,*,*,*,*,*,*,*
STP,Sao Tome and Principe,,*,*,*,*,*,*,*,*,*,*,*,*,*,*,*,*,*,*,*,*,*,*,*,*,*,*,*,*,*,*,*,*,*,*,*,*,*,*,*,*,*,*,*,*,*,*,*,*,*,*,*,*,*,*,*,*,*,*,*,*,*,*,*,*,*,*,*,*,*
SAU,Saudi Arabia,,3708.8032,2808.9983,4805.7927,101.128,74.1237,135.5216,95.7424,73.2527,126.0139,633.7922,454.1083,871.6947,56.6962,34.235,90.8634,357.341,240.4423,534.4144,339.9016,251.358,453.1023,498.7631,362.7101,680.2308,25.4904,16.7549,37.038,16.8579,11.8047,23.3717,3599.3048,2689.2036,4701.0689,60.5907,41.8233,85.9624,2.8563,1.9881,3.9514,362.9246,250.3886,556.4491,2096.7726,1481.4924,2891.1032,3.167,2.0559,4.7273,1.7762,1.2705,2.4559,34.5591,23.7666,48.5549,3.2301,2.3209,4.4218,761.1829,527.9826,1072.1218,33.2412,24.5588,44.3646,33.7152,23.3243,47.3894,21.3249,16.8151,26.8006
SEN,Senegal,,3078.3939,2323.862,4215.093,73.8062,55.1942,101.4073,76.4747,62.6565,93.9355,511.0651,351.3591,744.5798,55.7459,34.6653,98.7347,819.9383,468.0923,1248.6422,315.0761,232.5998,439.669,298.2693,229.4609,407.8796,26.911,18.2374,40.1728,18.7737,12.8978,27.5702,2434.3942,1840.0129,3302.5207,31.6188,21.7996,46.5384,2.2165,1.5747,3.1351,162.4435,128.2503,203.8575,1511.2128,1036.3999,2370.8291,1.7508,1.1273,3.0744,1.0386,0.76086,1.399,20.4749,12.1065,39.22,2.329,1.5687,3.8338,597.7811,389.8371,1085.4619,19.0661,15.7055,34.1986,27.7056,21.6613,35.9519,25.6849,16.3828,33.9826
SRB,Serbia,,2808.4993,2293.1666,3420.4649,80.4982,65.4929,96.4291,79.9021,67.7263,94.4112,442.0263,329.6629,571.873,126.4328,84.3865,197.7518,567.4135,413.7278,869.6906,355.4275,274.4934,446.2269,700.8141,508.814,951.9839,10.5358,8.5278,13.0799,8.7184,7.3427,10.1888,2615.9779,2122.5003,3224.0369,27.1566,21.9778,33.3956,1.4485,1.1407,2.5233,437.6972,297.9695,778.9373,1213.4847,1002.7903,1478.9298,1.4229,1.123,1.7243,1.1977,0.90408,1.8109,14.5147,11.6508,17.597,1.5324,1.29,1.8208,273.2109,218.9072,330.7032,25.1575,20.5435,30.3375,30.6138,25.6707,36.9584,17.4763,14.4779,21.0379
SLE,Sierra Leone,,*,*,*,*,*,*,*,*,*,*,*,*,*,*,*,*,*,*,*,*,*,*,*,*,*,*,*,*,*,*,*,*,*,*,*,*,*,*,*,*,*,*,*,*,*,*,*,*,*,*,*,*,*,*,*,*,*,*,*,*,*,*,*,*,*,*,*,*,*
SVK,Slovakia,,3289.7539,2787.1737,3966.5161,79.9842,66.491,98.5471,125.064,103.2331,156.6549,459.5195,370.5051,593.9874,100.1408,71.9657,146.4414,659.9329,513.3433,873.9952,260.6201,212.6641,323.4618,671.5547,526.827,881.6659,10.9947,8.7899,13.6772,9.0802,7.5269,11.8641,2568.6133,2135.3094,3129.6874,23.9871,19.029,31.19,1.3761,1.0843,1.9195,528.1285,356.8474,797.5478,1273.8145,1053.0173,1553.7926,1.4448,1.1587,1.7574,1.5226,1.0582,2.1277,15.0699,12.2855,19.377,1.5448,1.2816,1.8581,280.1875,223.6613,351.977,41.6715,33.9758,52.6491,53.0686,41.9152,69.6923,21.275,15.4073,29.6073
SVN,Slovenia,,3468.7156,2941.1069,4204.6974,95.2179,80.6121,114.768,142.2196,121.136,164.3554,455.1999,346.4347,606.6654,84.6576,63.1722,121.5241,726.0911,537.4295,1124.3568,307.5516,247.6857,381.9868,886.6653,659.7858,1174.6698,12.457,9.9214,16.4659,11.1068,9.4241,13.1835,3015.2838,2417.9714,3754.8177,25.9844,20.6449,33.4714,1.6446,1.2974,2.5521,781.3193,497.9697,1204.9394,1494.3724,1241.4229,1806.3853,1.6296,1.2845,2.0251,2.1784,1.2845,3.7268,19.0787,15.638,23.3634,1.9062,1.5916,2.2695,303.7247,244.1,376.4759,53.7328,43.9705,73.1192,50.7713,41.2134,61.2011,25.6209,15.3232,32.7361
SLB,Solomon Islands,,*,*,*,*,*,*,*,*,*,*,*,*,*,*,*,*,*,*,*,*,*,*,*,*,*,*,*,*,*,*,*,*,*,*,*,*,*,*,*,*,*,*,*,*,*,*,*,*,*,*,*,*,*,*,*,*,*,*,*,*,*,*,*,*,*,*,*,*,*
SOM,Somalia,,*,*,*,*,*,*,*,*,*,*,*,*,*,*,*,*,*,*,*,*,*,*,*,*,*,*,*,*,*,*,*,*,*,*,*,*,*,*,*,*,*,*,*,*,*,*,*,*,*,*,*,*,*,*,*,*,*,*,*,*,*,*,*,*,*,*,*,*,*
ZAF,South Africa,,3413.7046,3152.8855,3663.601,93.0164,85.9499,100.7215,82.5947,73.7867,92.3517,554.4973,505.0506,608.1752,49.6119,44.9463,57.1538,590.6412,299.6335,1192.6278,296.6729,263.0472,337.2622,399.7388,369.5296,432.5274,39.2147,34.6109,45.3445,22.5757,20.1786,25.3131,3004.037,2760.8582,3288.6873,43.4162,37.6653,51.9529,1.7868,1.4527,2.919,259.8743,240.8873,281.8102,1699.8312,1516.1524,1964.2476,4.1882,3.6612,4.801,2.6013,2.2619,2.9579,37.0719,32.3417,42.8066,2.456,2.0317,3.1292,594.8972,480.5958,755.1011,24.6871,19.0007,38.3409,32.2982,23.2369,39.8758,28.2896,19.7388,31.0999
ESP,Spain,,3401.5258,2911.5263,3935.1365,101.1962,87.4419,116.271,173.9551,144.1573,204.731,362.1736,274.6734,458.536,135.1652,103.3579,180.8215,678.6723,544.9578,1246.4272,352.7584,304.1614,411.7999,784.2196,640.9395,962.4424,14.4584,11.6234,18.7342,11.5917,9.8834,17.2216,3499.7812,3067.7306,4023.4905,26.9095,22.5365,31.763,1.9489,1.5787,2.4891,706.1122,542.4141,944.1491,1553.2547,1344.167,1781.9288,1.8211,1.5248,2.1477,1.9515,1.5331,2.4562,21.3024,17.7384,25.5379,2.1139,1.8034,2.4841,308.0474,264.5828,353.7307,49.1308,40.3803,65.9671,79.9754,65.0654,96.8378,32.5328,22.7438,41.024
LKA,Sri Lanka,,2847.6406,2441.9072,3378.0121,64.2447,53.8261,76.3184,52.4454,44.0076,63.47,526.1136,440.719,642.7792,56.8026,42.8906,100.8371,171.6364,131.7008,393.0435,138.1539,121.5522,159.2544,360.8273,264.7125,628.9375,16.566,13.9912,20.316,11.882,10.191,13.8465,1670.2435,1479.3127,1894.1857,6.5245,5.4924,7.8029,1.5395,1.3132,1.8277,139.0752,110.8972,175.7143,1367.2367,1155.968,1631.4653,0.091835,0.066663,0.15516,0.13146,0.10605,0.1661,15.2487,12.7323,18.4217,4.3536,3.638,5.1509,572.9323,473.6678,701.1353,35.5497,29.8004,42.7984,6.4328,4.7747,8.9328,3.9583,3.224,4.9868
SDN,Sudan (former),,2732.1074,2107.8935,3532.0897,85.2938,64.9884,111.3147,63.4762,49.5849,83.8915,435.8715,319.5224,595.2311,79.6845,49.019,185.694,535.6841,262.3936,925.6965,352.8434,265.0767,462.2628,936.8369,623.3844,1490.6873,24.3989,17.0853,34.1436,14.7137,10.9767,19.4853,3434.0666,2648.7631,4359.7115,33.2646,24.2938,44.6258,2.0467,1.4512,2.7872,375.5291,259.0063,573.1422,1968.4838,1449.9082,2608.8957,1.6834,1.2753,2.2271,2.0853,1.5299,2.9319,14.0691,10.6382,18.0475,2.164,1.6732,2.7531,692.9553,493.2456,962.1969,23.3331,16.4454,34.8918,20.5878,15.8388,26.5449,12.949,10.0677,16.2003
SUR,Suriname,,2919.653,2252.0974,3616.6971,73.9829,54.8203,97.2457,67.345,53.0687,89.2374,502.8931,374.2064,642.6816,90.9781,53.5053,529.2301,304.9416,119.9001,863.6913,191.5836,143.982,262.2749,387.9011,225.6272,962.1624,26.3123,14.3511,58.2245,11.52,5.3706,22.1175,3011.8913,1709.468,4613.408,21.9551,15.9387,28.3811,1.3691,0.97179,1.7538,329.1945,191.994,1329.2036,1265.1895,769.7661,2192.8877,2.6386,1.6177,5.383,1.7982,1.1674,5.2699,30.9468,19.2386,56.4356,1.5607,1.1636,2.1017,225.128,169.3996,290.0198,17.8127,14.3485,23.9273,16.9578,12.5808,29.1788,25.6029,19.8312,32.7877
SWZ,Swaziland,,2769.3639,2172.9617,3552.7057,65.0758,48.9353,85.3898,59.7814,50.8631,70.4149,473.2174,361.0996,629.8756,79.4014,67.5445,95.277,234.0551,113.9667,484.1226,246.8617,186.5997,586.6259,316.6781,235.5061,410.2628,19.0991,13.8407,26.4909,10.9227,7.845,14.9611,2386.1219,1938.6069,2914.7677,35.6002,24.9032,51.561,1.5502,1.1058,2.1845,167.7817,129.6674,219.7322,1364.6799,1011.9617,1834.3264,1.9695,1.4388,2.7185,1.1538,0.83953,1.6388,15.631,11.3791,22.232,1.8223,1.2845,2.7052,602.0679,446.354,862.4839,13.6532,10.9342,16.9711,16.0118,13.0166,19.6524,12.8848,10.021,16.4799
SWE,Sweden,,3566.7019,3106.5187,4092.4404,105.1502,91.0801,120.264,162.7394,149.764,176.393,426.1991,328.9614,538.5873,118.6401,86.307,207.1923,1103.894,938.79,1307.9782,297.6071,254.085,346.1672,1219.0374,980.8304,1503.168,12.1552,9.8887,14.88,13.0245,11.3686,14.8789,3228.1471,2687.6558,4229.686,27.9115,22.1252,34.9055,1.6296,1.3071,2.0194,951.7103,675.2975,1501.6031,1804.5326,1503.3479,2117.2328,1.7656,1.3631,2.207,1.9529,1.5183,3.0803,18.8592,15.8242,22.6362,1.9772,1.6597,2.3146,347.4505,271.3926,422.1755,65.0561,57.5047,73.9429,61.6499,55.1923,67.6623,23.6081,19.0393,27.5676
CHE,Switzerland,,3754.4032,3258.8859,4448.2195,100.2268,81.7246,123.9074,165.6083,137.0705,203.0319,472.944,383.8215,596.2987,107.426,80.7282,155.6385,1066.6456,752.3467,1604.7672,302.9687,248.4525,366.5927,1195.518,738.4754,1943.1681,12.3038,10.0709,16.6916,12.1837,9.932,15.3848,2980.9356,2454.9601,4478.2409,23.5017,19.6208,29.2026,1.6095,1.2699,2.4947,936.6703,534.8572,1827.3954,1655.7874,1283.6503,2284.7068,1.5963,1.2342,2.1254,2.022,1.34,3.6225,16.728,14.099,19.8082,1.7463,1.4657,2.1409,308.396,244.9223,402.4196,64.5218,48.5848,87.677,63.1276,52.4569,75.4687,25.3072,20.6511,31.2687
SYR,Syrian Arab Republic,,4252.166,3580.9197,5113.776,132.4422,104.2559,166.3578,171.965,141.9308,214.0301,574.8374,466.4772,718.5029,133.5265,83.0124,235.0643,780.9232,454.6832,1744.0802,524.8869,407.4941,710.9632,1377.9341,907.6208,2084.057,24.6117,18.4215,32.3906,20.1934,15.8059,25.8222,4884.9875,3882.6029,6268.1858,60.6944,45.1445,80.6707,3.2813,2.499,4.4241,665.0442,426.9147,1089.1646,2867.5841,2221.4437,3684.8041,3.3519,2.5817,4.3627,3.318,2.4616,4.6595,32.309,24.5263,42.1599,3.5755,2.8426,4.595,808.3031,613.6043,1058.9767,62.2713,47.3431,82.9234,65.6518,53.7379,81.527,30.8228,24.9679,38.0457
TJK,Tajikistan,,2495.8917,1862.0096,3273.6533,64.173,46.1219,85.8311,47.1505,38.1729,57.2476,450.0375,318.1695,606.8609,54.2527,29.992,118.3934,637.0118,351.3522,1184.8056,226.0353,162.5925,328.67,404.9988,273.4633,607.1486,9.7559,7.0647,13.3197,6.4911,4.8621,8.4862,2047.3195,1566.5309,2807.5474,24.0055,16.7599,31.7517,1.2719,0.91324,1.795,241.9014,151.4149,409.9748,909.8501,673.5573,1174.4959,1.0675,0.75607,1.4698,0.90128,0.5873,1.571,12.0008,8.739,15.7483,1.0284,0.75995,1.4463,225.4408,164.5976,305.586,13.2841,10.0421,17.6245,13.3521,10.5827,16.742,16.0179,12.7007,20.114
THA,Thailand,,2872.2389,2249.3539,3755.2127,63.0218,49.8078,82.6103,59.1043,48.7907,71.2928,524.1431,392.9581,713.0184,175.0013,92.4896,958.0213,401.5085,274.8952,756.05,252.8023,199.6395,325.8612,320.3151,232.4658,442.1865,12.6092,9.1695,24.0949,5.7918,3.972,8.9143,1845.9337,1447.4849,2542.069,20.6118,14.6093,41.3127,1.5298,1.173,2.0236,266.8307,184.7991,391.4076,950.4618,673.869,1711.1373,1.3359,0.72528,2.6613,0.99115,0.72273,1.3647,18.4821,11.7052,33.6513,1.5854,1.2355,2.1495,259.1723,208.797,322.1722,22.3698,18.2879,30.6813,17.6973,13.3748,23.0837,10.8811,6.475,13.4703
MKD,The former Yugoslav Republic of Macedonia,,3242.5657,2634.0806,4037.0113,82.0851,62.9791,104.2896,108.556,86.6243,133.9112,488.8584,369.3545,656.3115,238.5858,120.5514,505.9889,677.0663,432.6797,1117.3487,407.4992,306.5855,550.3975,777.1306,525.8373,1171.4373,12.7908,9.9775,16.4643,8.8739,6.9564,10.9617,3375.9317,2547.7506,4376.5336,29.047,21.6002,38.6505,1.7839,1.3836,3.0836,511.5915,331.7585,916.0193,1321.3137,1014.9603,1670.6736,1.4374,1.0978,1.8331,1.7554,1.1428,3.7878,16.2972,12.5478,20.8509,2.0627,1.5083,2.8285,317.4625,247.0399,407.5664,32.0432,23.2841,43.2332,42.274,33.6163,52.0611,25.9636,21.0096,32.2551
TLS,Timor-Leste,,*,*,*,*,*,*,*,*,*,*,*,*,*,*,*,*,*,*,*,*,*,*,*,*,*,*,*,*,*,*,*,*,*,*,*,*,*,*,*,*,*,*,*,*,*,*,*,*,*,*,*,*,*,*,*,*,*,*,*,*,*,*,*,*,*,*,*,*,*
TGO,Togo,,*,*,*,*,*,*,*,*,*,*,*,*,*,*,*,*,*,*,*,*,*,*,*,*,*,*,*,*,*,*,*,*,*,*,*,*,*,*,*,*,*,*,*,*,*,*,*,*,*,*,*,*,*,*,*,*,*,*,*,*,*,*,*,*,*,*,*,*,*
TTO,Trinidad and Tobago,,2950.8103,2423.2954,3627.7228,70.8965,53.5436,90.7852,78.5665,57.6832,112.2949,488.0619,380.5399,630.4663,54.9965,37.8291,110.3469,226.1461,167.4555,386.3988,287.2494,241.2993,338.3023,186.9013,150.3078,243.3276,19.1178,13.6196,26.1921,7.4114,5.7613,9.2666,2087.9038,1791.6085,2542.2013,24.9003,19.4162,31.527,1.4507,1.1247,2.2717,215.8927,158.6273,352.6692,903.5074,716.8097,1139.5508,2.6948,1.8483,3.8268,1.7377,1.2336,2.3639,29.2735,20.5564,39.8307,1.4308,1.1217,1.8999,225.8146,177.1651,306.2468,27.7591,19.6014,50.3087,26.2462,13.8504,42.932,18.3647,7.0433,25.2429
TUN,Tunisia,,3938.5103,3022.3148,5146.2226,111.9773,82.819,147.5403,89.9241,74.7553,108.7828,676.0092,479.8113,919.9886,183.8695,103.3382,427.0339,573.1271,370.0099,877.7058,480.2291,362.8865,637.7832,657.9077,485.5742,911.0598,18.4909,13.867,24.0297,12.3407,9.2992,15.8833,3753.6193,2838.5679,4920.0475,48.2754,35.4945,63.2122,2.434,1.8189,3.1817,403.4183,282.2355,685.8785,1716.4405,1302.0359,2224.5554,1.9092,1.3783,2.556,1.558,1.1394,2.0871,21.7138,16.0005,28.6409,2.0547,1.5658,2.775,479.5186,357.7643,629.765,25.808,20.1518,51.772,30.3476,21.4446,40.7758,24.3843,11.0679,32.7715
TUR,Turkey,,4591.8056,3711.0513,5723.0546,143.1116,112.2226,182.0759,131.7623,116.9387,146.1864,758.1116,575.6411,991.2544,170.9189,129.7625,235.9134,665.2958,537.7738,832.2753,679.8723,564.6065,819.2728,993.7782,815.0182,1206.9535,33.7608,25.4975,44.3971,24.4031,18.4504,31.9551,5668.5287,4653.806,6786.5046,92.7631,68.5182,123.5823,4.186,3.2016,5.3951,552.134,442.7719,855.6213,3308.3012,2506.0416,4322.1703,4.3957,3.247,5.8055,2.793,2.0121,4.1325,43.0699,31.7782,57.582,4.6037,3.5829,5.8456,1149.9295,836.7298,1540.8639,41.8764,36.1763,49.7712,43.3061,37.2178,49.4728,34.4247,29.0598,39.6962
TKM,Turkmenistan,,*,*,*,*,*,*,*,*,*,*,*,*,*,*,*,*,*,*,*,*,*,*,*,*,*,*,*,*,*,*,*,*,*,*,*,*,*,*,*,*,*,*,*,*,*,*,*,*,*,*,*,*,*,*,*,*,*,*,*,*,*,*,*,*,*,*,*,*,*
UGA,Uganda,,*,*,*,*,*,*,*,*,*,*,*,*,*,*,*,*,*,*,*,*,*,*,*,*,*,*,*,*,*,*,*,*,*,*,*,*,*,*,*,*,*,*,*,*,*,*,*,*,*,*,*,*,*,*,*,*,*,*,*,*,*,*,*,*,*,*,*,*,*
UKR,Ukraine,,3367.2714,2787.5914,4152.83,91.8911,74.6396,114.1701,102.0559,85.9376,123.2139,524.547,410.3304,687.2259,102.9679,75.4289,153.6801,782.9492,572.9703,1155.912,318.4734,254.4903,405.181,792.1008,586.9091,1073.5732,13.46,10.4847,17.1719,10.8739,8.9144,13.3222,3606.4605,2966.3614,4347.1081,31.7694,24.1857,41.771,1.7753,1.371,2.7085,563.4092,394.6501,944.9864,1561.2891,1264.6514,1942.5926,1.5794,1.2108,2.0327,1.6291,1.193,2.3443,18.6652,14.5962,23.6074,2.124,1.7269,2.6536,356.2715,283.8719,451.7227,31.3477,24.193,39.5855,39.2546,31.7432,48.4933,23.2973,18.9611,28.178
ARE,United Arab Emirates,,3400.2376,2706.5813,4346.5033,103.9228,79.6901,135.6287,79.1158,61.583,101.8936,589.1345,437.9118,790.1642,85.7572,47.2054,347.1852,330.3421,201.2419,560.1774,502.8393,366.8148,696.0278,386.5772,301.8023,482.6162,26.4253,18.7808,38.0826,16.5739,12.4891,22.4321,3307.6124,2641.3447,4135.0655,59.9403,43.4557,81.5099,3.0333,2.2863,3.9744,226.0573,167.1093,310.5032,2028.8801,1524.6719,2719.7272,3.0681,2.1267,4.6919,1.4657,1.1463,1.9405,32.4525,23.4798,45.325,2.8108,2.1653,3.6907,695.6474,506.5628,948.9812,21.4217,14.9268,34.1819,28.0328,19.3386,39.4985,22.6314,15.5406,28.426
GBR,United Kingdom,,3395.7702,2926.2276,3958.0844,96.0509,82.3371,113.3585,136.3509,121.4483,150.8015,450.8908,352.5458,563.607,121.4572,92.0146,225.9867,831.6907,693.7801,1062.1283,311.1449,267.0765,361.3413,839.9846,681.4723,1013.2171,17.8525,13.439,22.9523,11.6308,10.1875,13.6334,3388.8999,2910.3846,3994.9719,27.483,22.8328,33.7118,1.791,1.4454,2.2417,666.5278,507.8902,1027.1171,1541.1794,1301.2544,1797.6329,1.6892,1.3406,2.0626,1.872,1.2942,2.5429,19.3545,16.1764,22.7903,1.9796,1.6655,2.3882,319.9501,265.7889,385.5385,45.5834,38.6145,55.1943,55.8548,47.541,62.6635,25.0035,19.3346,28.4531
TZA,United Republic of Tanzania,,2714.095,2190.7676,3363.2594,68.9481,53.1212,88.6357,53.5235,44.672,63.6132,466.7389,363.7148,590.1117,169.2632,134.3931,258.2453,795.4261,243.4307,1404.2509,577.8883,443.0333,779.8592,563.4576,412.1432,793.5697,24.6016,18.6079,32.8315,19.3376,13.9214,25.8602,4216.9143,3533.1347,5143.0967,46.8692,35.9996,59.9224,2.1778,1.7063,2.7795,187.4446,154.0545,229.7406,1488.9343,1142.9086,1950.3237,2.1245,1.5794,2.837,1.2735,0.95575,1.6414,17.2535,12.8638,23.9758,2.6256,2.0279,3.4665,640.2991,473.8073,860.6726,18.624,15.4432,22.2709,18.0559,15.0886,21.976,14.2606,11.4955,17.7181
USA,United States of America,,4061.8397,3802.6187,4337.4099,112.5067,103.2906,121.476,192.8795,170.6815,212.4888,481.0168,440.6774,523.1841,111.8072,89.8863,134.9607,976.2149,827.9063,1126.6354,358.885,319.6865,396.8921,1131.2355,904.9192,1348.8827,25.6727,23.0839,28.6819,14.2212,12.8058,19.9427,3372.5773,2911.162,4270.4857,25.2091,23.1474,27.2053,1.8761,1.5785,2.2167,877.1271,661.1874,1367.3843,1802.4856,1577.3801,2086.1944,3.443,3.0238,3.9205,3.5037,2.4972,4.79,35.7814,31.3809,43.6587,2.2028,1.825,2.7922,370.4263,308.8933,440.6285,59.9458,49.8972,110.191,66.9449,44.6226,84.7931,51.2316,18.8706,58.1697
URY,Uruguay,,3330.5048,2658.3787,4178.1106,119.1142,89.1324,155.4413,89.8142,66.213,119.0572,511.7547,377.9504,687.6927,114.6505,77.8206,188.5532,907.7074,416.3708,2324.5968,299.6183,237.9899,373.6706,1413.7812,342.1186,2660.3281,38.6576,24.4792,72.9128,21.2613,12.8235,53.9149,3935.6168,2369.7622,5937.2145,25.6844,19.5241,33.7234,1.66,1.2482,2.3137,1038.1204,613.2192,2651.0809,2209.085,1261.2557,3608.8791,2.2592,1.3248,8.7096,2.0972,1.2793,8.7337,23.7495,14.8189,50.8689,1.797,1.4277,2.2277,317.6121,240.0511,423.685,38.218,26.301,53.0819,27.261,21.1625,35.2839,18.9023,15.0261,23.5482
UZB,Uzbekistan,,3009.0573,2289.8314,3957.9434,88.0099,66.1118,115.9363,67.1589,54.283,82.1645,512.2119,360.3905,707.9167,99.3773,52.9675,190.063,1093.8982,616.7809,1931.4464,304.4915,216.1685,445.5843,708.3269,459.1236,1092.7527,38.5801,26.6034,55.7228,21.3167,15.2623,29.3374,3090.56,2216.2354,4271.9849,29.9513,21.1439,40.684,1.6624,1.2126,2.5553,466.6137,277.0861,855.1234,1292.9438,966.3562,1696.7141,1.3223,0.95388,1.8186,1.4701,0.8518,2.9417,14.9745,11.2202,19.7414,1.5648,1.154,2.1842,302.9252,222.5494,408.851,23.6035,17.789,30.5975,18.653,14.6885,23.0261,18.4996,14.7129,22.8483
VUT,Vanuatu,,*,*,*,*,*,*,*,*,*,*,*,*,*,*,*,*,*,*,*,*,*,*,*,*,*,*,*,*,*,*,*,*,*,*,*,*,*,*,*,*,*,*,*,*,*,*,*,*,*,*,*,*,*,*,*,*,*,*,*,*,*,*,*,*,*,*,*,*,*
VEN,Venezuela (Bolivarian Republic of),,3125.1928,2582.6079,3933.9268,93.797,72.0706,119.1036,87.565,69.7293,111.9372,488.025,376.4595,643.4071,91.9306,59.4443,141.5139,1082.6854,503.6259,1727.3223,330.2175,253.348,444.1048,692.3833,312.7845,1236.4049,41.117,25.1908,72.7088,17.1481,10.6528,33.3063,3754.8855,2568.0236,5187.4451,23.2422,17.6855,30.4063,1.6,1.2149,2.2988,477.1013,308.1561,1427.9483,1738.5904,1172.3415,2603.1898,2.7979,1.7501,5.5259,2.5365,1.5668,7.6567,35.6918,24.9864,54.2957,1.8358,1.4328,2.3185,279.0415,219.095,351.3931,25.3645,20.3684,32.5616,25.5688,20.8666,38.4441,29.7892,23.4036,36.8092
VNM,Viet Nam,,*,*,*,*,*,*,*,*,*,*,*,*,*,*,*,*,*,*,*,*,*,*,*,*,*,*,*,*,*,*,*,*,*,*,*,*,*,*,*,*,*,*,*,*,*,*,*,*,*,*,*,*,*,*,*,*,*,*,*,*,*,*,*,*,*,*,*,*,*
YEM,Yemen,,3028.9906,2200.3687,4275.3084,92.0757,63.9858,134.7085,50.3679,40.0851,63.1833,586.6138,412.2139,840.9955,71.0842,28.249,234.7612,134.0014,88.4886,271.6652,386.5488,277.9097,533.4077,307.5745,239.9023,411.1641,26.0849,17.3894,39.4675,16.3194,11.1652,23.9256,2940.1118,2162.5529,4073.7791,63.0786,42.4541,93.4344,2.804,1.8865,4.0906,136.0957,103.4347,196.3896,2142.971,1452.3843,3179.5178,3.0572,2.0288,4.6795,1.3732,0.9844,2.0147,31.2678,20.7393,46.6772,2.938,2.0045,4.2784,843.4238,561.5533,1264.3244,16.542,13.1645,20.6448,15.5274,11.7762,20.2986,12.8148,9.6308,17.2789
ZMB,Zambia,,*,*,*,*,*,*,*,*,*,*,*,*,*,*,*,*,*,*,*,*,*,*,*,*,*,*,*,*,*,*,*,*,*,*,*,*,*,*,*,*,*,*,*,*,*,*,*,*,*,*,*,*,*,*,*,*,*,*,*,*,*,*,*,*,*,*,*,*,*
ZWE,Zimbabwe,,2789.9178,2054.3754,3760.2787,68.3014,48.3592,94.4238,64.3721,53.4671,76.536,465.3757,327.6349,652.2499,33.3104,25.8304,42.523,296.1557,74.0927,568.9598,249.6295,178.673,328.2536,261.607,197.5943,346.263,18.5865,12.3038,27.8005,11.0822,7.6204,15.9162,2240.6207,1658.3539,3058.9116,42.7476,27.4064,64.5425,1.5055,1.0149,2.1852,137.9655,107.0981,176.8374,1390.3077,951.7784,1998.9651,1.9715,1.2881,2.9982,1.0123,0.73287,1.4433,14.8913,10.4968,20.4319,1.7889,1.1744,2.8357,538.638,340.8128,847.6063,16.2838,13.099,24.4628,22.1919,17.9901,26.5958,22.2798,16.4187,27.8601